"","Reference","Depth","Beg_end","Temperature","Conductivity","pH","Salinity","DissolvedO2","Flag"
"1","CKM2017010101",0.2,"B",18.8,45.7,7.9,29.7,7.1,NA
"2","CKM2017010101",0.5,"B",18.8,45.7,7.9,29.7,7.1,NA
"3","CKM2017010102",0.2,"B",19,45.5,7.9,29.6,7.1,NA
"4","CKM2017010102",0.4,"B",19,45.6,8,29.6,7.1,NA
"5","CKM2017010103",0.2,"B",19.6,45.5,7.9,29.5,6.3,NA
"6","CKM2017010104",0.2,"B",19.6,45.5,7.8,29.5,6.1,NA
"7","CKM2017010104",0.8,"B",19.6,45.5,7.8,29.6,6.1,NA
"8","CKM2017010105",0.2,"B",20,45.4,7.9,29.5,6.5,NA
"9","CKM2017010105",0.3,"B",20,45.4,7.9,29.5,6.5,NA
"10","CKM2017010106",0.2,"B",19.8,45.6,7.9,29.6,6.9,NA
"11","CKM2017010107",0.2,"B",21,45.6,8,29.7,8.3,NA
"12","CKM2017010108",0.2,"B",20.1,45.5,7.9,29.6,6.6,NA
"13","CKM2017010108",1,"B",20.1,45.5,7.9,29.5,6.6,NA
"14","CKM2017010108",2,"B",20,45.5,7.9,29.6,6.6,NA
"15","CKM2017010108",2.3,"B",19.8,45.6,7.9,29.6,6.6,NA
"16","CKM2017010201",0.2,"B",18.9,47,7.9,30.6,8.2,NA
"17","CKM2017010201",1,"B",18.9,47,7.9,30.7,8,NA
"18","CKM2017010201",2,"B",18.9,47.1,7.9,30.7,8,NA
"19","CKM2017010201",2.5,"B",18.9,47.1,7.9,30.7,7.9,NA
"20","CKM2017010202",0.2,"B",19,45.5,7.9,29.5,7.5,NA
"21","CKM2017010202",1,"B",19,45.5,7.9,29.5,7.4,NA
"22","CKM2017010202",2,"B",19,45.5,7.9,29.5,7.4,NA
"23","CKM2017010202",2.1,"B",19,45.5,7.9,29.5,7.4,NA
"24","CKM2017010203",0.2,"B",19.3,47.8,8,31.2,7.8,NA
"25","CKM2017010203",0.4,"B",19.3,47.8,8,31.2,7.8,NA
"26","CKM2017010204",0.2,"B",19.2,48.6,8,31.8,8,NA
"27","CKM2017010204",0.3,"B",19.2,48.6,8,31.8,8,NA
"28","CKM2017010205",0.2,"B",19,48.4,8,31.6,8,NA
"29","CKM2017010205",1,"B",19,48.4,8,31.6,7.8,NA
"30","CKM2017010205",2,"B",18.9,48.5,7.9,31.7,7.7,NA
"31","CKM2017010205",3,"B",18.6,48.9,7.9,32.1,7.6,NA
"32","CKM2017010205",4,"B",18.5,49.1,7.9,32.2,7.4,NA
"33","CKM2017010205",4.3,"B",18.5,49.1,7.9,32.2,7.4,NA
"34","CKM2017010206",0.2,"B",19.1,49.1,8,32.2,7.8,NA
"35","CKM2017010206",1,"B",19.1,49.1,8,32.2,7.8,NA
"36","CKM2017010206",2,"B",19,49.4,8,32.4,7.8,NA
"37","CKM2017010206",3,"B",18.9,49.9,8,32.8,7.7,NA
"38","CKM2017010206",4,"B",18.8,49.9,8,32.8,7.7,NA
"39","CKM2017010207",0.2,"B",19.4,47.7,8,31.2,8.3,NA
"40","CKM2017010207",1,"B",19.4,47.8,8,31.2,8.3,NA
"41","CKM2017010207",2,"B",19.4,47.8,8,31.2,8.3,NA
"42","CKM2017010207",3,"B",19.4,47.8,8,31.2,8.3,NA
"43","CKM2017010207",4,"B",19.2,48.2,8,31.5,8.1,NA
"44","CKM2017010207",4.4,"B",19.2,48.2,8,31.5,7.6,NA
"45","CKM2017010208",0.2,"B",20.2,46,8,29.9,8.1,NA
"46","CKM2017010208",0.5,"B",20.2,46,8,29.9,8.1,NA
"47","CKM2017010301",0.2,"B",17.7,32.2,8.2,20.1,10.3,NA
"48","CKM2017010301",1,"B",17.7,41.7,8.2,26.8,9.3,NA
"49","CKM2017010301",2,"B",18,44.5,8.2,28.8,9.3,NA
"50","CKM2017010301",3,"B",18.1,44.8,8.2,29.1,9,NA
"51","CKM2017010301",3.1,"B",18.1,44.9,8.2,29.1,8.7,NA
"52","CKM2017010302",0.2,"B",18.8,36.4,8.3,23.1,9.8,NA
"53","CKM2017010302",1,"B",18.7,37.8,8.3,26.3,9.6,NA
"54","CKM2017010302",2,"B",18.6,43.8,8.2,28.4,9.9,NA
"55","CKM2017010303",0.2,"B",18.2,25.4,8.2,15.5,10.2,NA
"56","CKM2017010303",1,"B",18.2,42.3,8.2,27.1,9.2,NA
"57","CKM2017010303",2,"B",18.3,48.2,8.2,31.5,9.3,NA
"58","CKM2017010303",3,"B",18.2,48.5,8.2,31.7,8.8,NA
"59","CKM2017010303",4,"B",18.2,48.5,8.2,31.7,8.4,NA
"60","CKM2017010303",4.6,"B",18.2,48.6,8.2,31.7,8.3,NA
"61","CKM2017010304",0.2,"B",18.6,34.8,8.3,21.6,10.2,NA
"62","CKM2017010304",1,"B",18.5,41.5,8.3,26.8,9.9,NA
"63","CKM2017010304",2,"B",18.4,45.9,8.3,29.8,9.7,NA
"64","CKM2017010304",2.7,"B",18.4,46.4,8.2,30,9.4,NA
"65","CKM2017010305",0.2,"B",20,29.8,8.3,18.5,10,NA
"66","CKM2017010305",0.4,"B",20,29.9,8.2,18.5,10.1,NA
"67","CKM2017010306",0.2,"B",20.4,35,8.3,21.4,10.8,NA
"68","CKM2017010306",1,"B",20.4,42.8,8.2,27.6,10.2,NA
"69","CKM2017010306",1.7,"B",20.1,44.2,8.1,28.6,9.3,NA
"70","CKM2017010307",0.2,"B",19.9,24.1,8.2,14.7,10.1,NA
"71","CKM2017010307",0.3,"B",19.9,24.9,8.2,15.6,9.6,NA
"72","CKM2017010401",0.2,"B",17.4,47.9,8.1,31.3,6.5,NA
"73","CKM2017010401",0.4,"B",17.4,47.9,8.1,31.3,6.4,NA
"74","CKM2017010402",0.2,"B",18.4,47.5,8.1,31,7.3,NA
"75","CKM2017010402",0.4,"B",18.4,47.6,8.1,31,7.1,NA
"76","CKM2017010403",0.2,"B",18.5,47.5,8.1,31,7.7,NA
"77","CKM2017010403",0.3,"B",18.5,47.5,8.1,31,7.4,NA
"78","CKM2017010404",0.2,"B",18.7,47.6,8.2,31,7.9,NA
"79","CKM2017010405",0.2,"B",18.8,48.4,8.2,31.6,7.8,NA
"80","CKM2017010405",0.5,"B",18.8,48.4,8.2,31.6,7.5,NA
"81","CKM2017010406",0.2,"B",18.7,48.1,8.1,31.4,7.5,NA
"82","CKM2017010406",0.4,"B",18.7,48,8.1,31.4,7.5,NA
"83","CKM2017010407",0.2,"B",19.3,44.8,8.2,29,8.6,NA
"84","CKM2017010407",0.6,"B",19.3,44.9,8.2,29.1,8.6,NA
"85","CKM2017010408",0.2,"B",19.4,44.1,8.3,28.5,9.3,NA
"86","CKM2017010408",0.4,"B",19.4,44.1,8.3,28.5,9.1,NA
"87","CKM2017010501",0.2,"B",19.3,21.8,7.9,13.1,8.9,NA
"88","CKM2017010501",0.8,"B",19.5,23,7.8,13.9,8.3,NA
"89","CKM2017010502",0.2,"B",19.1,14.7,7.9,8.5,11,NA
"90","CKM2017010502",0.5,"B",19.1,14.8,7.8,8.6,8.5,NA
"91","CKM2017010503",0.2,"B",19.2,14.6,7.9,8.5,7.8,NA
"92","CKM2017010503",0.8,"B",19.2,16.8,7.8,9.8,7.8,NA
"93","CKM2017010504",0.2,"B",19.5,19.9,7.8,12,8.3,NA
"94","CKM2017010504",1,"B",19.5,22.2,7.8,13.2,7.9,NA
"95","CKM2017010505",0.2,"B",19.2,5.4,7.7,2.9,7.3,NA
"96","CKM2017010505",0.5,"B",19.2,5.5,7.7,2.9,7.2,NA
"97","CKM2017010506",0.2,"B",19.6,13.7,7.7,8,9.6,NA
"98","CKM2017010506",0.5,"B",19.6,13.7,7.7,8,9.6,NA
"99","CKM2017010507",0.2,"B",19.7,10.1,7.8,5.3,8.4,NA
"100","CKM2017010508",0.2,"B",19.8,17.7,7.7,10.5,7.4,NA
"101","CKM2017010601",0.2,"B",11.4,36.7,8.3,23.2,11.5,NA
"102","CKM2017010601",0.4,"B",11.4,36.6,8.3,23.1,11.3,NA
"103","CKM2017010602",0.2,"B",10.2,27.9,8.3,17.3,11.9,NA
"104","CKM2017010602",0.3,"B",10.2,27.9,8.2,17.1,10.7,NA
"105","CKM2017010603",0.2,"B",10.3,26.9,8.2,16.4,10.9,NA
"106","CKM2017010603",0.7,"B",10.2,27.3,8.2,16.8,10.3,NA
"107","CKM2017010604",0.2,"B",9.9,18.6,7.8,11,10,NA
"108","CKM2017010604",1,"B",9.8,18.5,7.8,11,9.5,NA
"109","CKM2017010605",0.2,"B",10.8,27.1,7.7,16.6,9.5,NA
"110","CKM2017010605",1,"B",10.8,27.1,7.6,16.6,9.2,NA
"111","CKM2017010606",0.2,"B",11.5,31.9,8.2,19.8,10.7,NA
"112","CKM2017010606",1,"B",11.5,32.2,8.2,20.1,10.5,NA
"113","CKM2017010606",2,"B",11.6,33.8,8.2,21.3,10.4,NA
"114","CKM2017010606",2.8,"B",11.7,34.1,8.2,21.4,10.3,NA
"115","CKM2017010607",0.2,"B",11.7,33.8,8.2,21.2,11.7,NA
"116","CKM2017010607",0.6,"B",11.7,33.8,8.2,21.2,11.5,NA
"117","CKM2017010608",0.2,"B",11.7,34.7,8.3,21.8,11.8,NA
"118","CKM2017010608",0.4,"B",11.7,34.7,8.3,21.8,11.8,NA
"119","CKM2017010701",0.2,"B",14.7,14.1,8,8.1,11.5,NA
"120","CKM2017010701",0.4,"B",14.3,14.2,7.9,8.2,9.8,NA
"121","CKM2017010702",0.2,"B",13.7,17.5,7.8,10.3,9.1,NA
"122","CKM2017010702",0.5,"B",13.8,17.6,7.7,10.4,8.6,NA
"123","CKM2017010703",0.2,"B",13.3,36,8,22.7,10.6,NA
"124","CKM2017010703",0.5,"B",13.2,36,7.9,22.7,10.4,NA
"125","CKM2017010704",0.2,"B",13.4,37.3,8.1,23.6,10.9,NA
"126","CKM2017010704",0.5,"B",13.3,37.3,8.1,23.6,10.9,NA
"127","CKM2017010705",0.2,"B",13.8,38.7,8.2,24.7,11.1,NA
"128","CKM2017010705",0.8,"B",16.7,38.8,8.2,24.8,10.9,NA
"129","CKM2017010706",0.2,"B",13.8,35.6,8.2,22.4,11,NA
"130","CKM2017010706",1,"B",13.4,36.8,8.2,23.3,11,NA
"131","CKM2017010706",2,"B",13.4,37.4,8.2,23.7,10.8,NA
"132","CKM2017010707",0.2,"B",15.1,35.2,8.1,22.2,10.3,NA
"133","CKM2017010707",0.6,"B",14.2,38.4,8.2,24.4,10.3,NA
"134","CKM2017010708",0.2,"B",16.2,20.6,8,12.4,9.6,NA
"135","CKM2017010708",0.6,"B",14.6,30.6,8,19.4,9.6,NA
"136","CKM2017010709",0.2,"B",15.9,33.4,8.1,21.5,10,NA
"137","CKM2017010709",0.8,"B",14.8,38.8,8.2,24.7,10,NA
"138","CKM2017010801",0.2,"B",15.6,2.4,8.4,1.7,10.8,NA
"139","CKM2017010801",1,"B",15.6,2.9,8.2,1.6,7.7,NA
"140","CKM2017010801",2,"B",15.4,4.3,7.9,2.4,7.2,NA
"141","CKM2017010801",2.5,"B",15.3,4.8,7.9,2.6,7.2,NA
"142","CKM2017010802",0.2,"B",15.8,0.5,8.3,0.3,7.8,NA
"143","CKM2017010802",1,"B",15.7,0.6,8.1,0.3,7.6,NA
"144","CKM2017010802",2,"B",15.7,1,7.9,0.5,7.4,NA
"145","CKM2017010802",2.5,"B",15.7,1,7.9,0.6,7.3,NA
"146","CKM2017010803",0.2,"B",16.2,1.8,8,0.6,9.2,NA
"147","CKM2017010803",0.7,"B",16.2,1.3,7.9,0.6,8.1,NA
"148","CKM2017010804",0.2,"B",15.7,1.1,7.9,0.6,8.6,NA
"149","CKM2017010804",1,"B",15.7,1.3,7.9,0.6,8.1,NA
"150","CKM2017010804",2,"B",15.7,1.4,7.9,0.6,7.7,NA
"151","CKM2017010805",0.2,"B",17.2,0.5,8.2,0.3,9,NA
"152","CKM2017010805",0.5,"B",17.2,0.5,8.2,0.2,8.9,NA
"153","CKM2017010806",0.2,"B",16.1,0.6,7.9,0.3,7.9,NA
"154","CKM2017010806",0.4,"B",16,0.6,7.9,0.3,7.8,NA
"155","CKM2017010807",0.2,"B",15.9,2.9,7.8,1.4,8.3,NA
"156","CKM2017010807",1,"B",15.9,4.3,7.6,2.4,8.1,NA
"157","CKM2017010807",2,"B",15.6,5.3,7.6,2.8,8,NA
"158","CKM2017010807",3,"B",15.6,6.2,7.6,3.4,8.1,NA
"159","CKM2017010807",4,"B",15.4,6.3,7.7,3.5,8.1,NA
"160","CKM2017010808",0.2,"B",16.1,0.4,8.5,0.2,8.8,NA
"161","CKM2017010808",1,"B",16.1,0.4,8.3,0.2,8,NA
"162","CKM2017010808",2,"B",16.1,0.4,8.2,0.2,7.8,NA
"163","CKM2017010808",2.8,"B",16.1,0.5,8.1,0.2,7.7,NA
"164","CKM2017010809",0.2,"B",16.3,0.3,8.1,0.1,8,NA
"165","CKM2017010809",1,"B",16.3,0.3,8,0.2,7.7,NA
"166","CKM2017010809",2,"B",16.2,0.3,8,0.2,7.6,NA
"167","CKM2017010809",3,"B",16.1,0.3,7.9,0.2,7.6,NA
"168","CKM2017010809",4,"B",16.1,0.3,7.9,0.2,7.5,NA
"169","CKM2017010809",5,"B",16.1,0.3,7.9,0.2,7.5,NA
"170","CKM2017010810",0.2,"B",16.6,0.4,7.9,0.2,7.7,NA
"171","CKM2017010810",0.4,"B",16.4,0.4,7.9,0.2,7.6,NA
"172","CKM2017020101",0.2,"B",16.1,42.5,8,27.4,8.3,NA
"173","CKM2017020101",0.4,"B",16.1,42.5,8,27.4,8.3,NA
"174","CKM2017020102",0.2,"B",16.3,42.9,8,27.7,8.1,NA
"175","CKM2017020102",0.3,"B",16.3,42.9,8,27.7,8.1,NA
"176","CKM2017020103",0.2,"B",16.5,43.3,8.1,27.8,9.2,NA
"177","CKM2017020103",0.3,"B",16.5,43.3,8.1,27.8,9.2,NA
"178","CKM2017020104",0.2,"B",16.8,40.2,8,25.7,7.9,NA
"179","CKM2017020104",0.5,"B",16.8,40.2,8,25.7,7.8,NA
"180","CKM2017020105",0.2,"B",17.6,34.6,8.1,21.7,8.6,NA
"181","CKM2017020105",0.4,"B",17.5,34.4,8.1,21.6,8.6,NA
"182","CKM2017020106",0.2,"B",18.1,34.4,8.1,21.6,8.3,NA
"183","CKM2017020107",0.2,"B",17.6,34.8,8,22,6.7,NA
"184","CKM2017020107",0.8,"B",17.1,35,7.9,22.1,6.2,NA
"185","CKM2017020108",0.2,"B",19.1,34.6,8,21.8,6.3,NA
"186","CKM2017020108",0.4,"B",17.1,34.6,8,21.8,6.1,NA
"187","CKM2017020201",0.2,"B",16.2,42.4,8,27.3,8.4,NA
"188","CKM2017020201",1,"B",16.1,42.4,8,27.3,8.5,NA
"189","CKM2017020201",2,"B",16.1,42.4,8,27.3,8.6,NA
"190","CKM2017020202",0.2,"B",15.9,47.9,7.9,31.3,7.9,NA
"191","CKM2017020202",1,"B",15.9,47.9,7.9,31.3,7.8,NA
"192","CKM2017020202",2,"B",15.9,47.9,7.9,31.3,7.8,NA
"193","CKM2017020202",3,"B",15.9,47.9,7.9,31.3,7.8,NA
"194","CKM2017020202",3.1,"B",15.9,47.9,7.9,31.3,7.8,NA
"195","CKM2017020203",0.2,"B",16.6,48.4,7.9,31.6,7.6,NA
"196","CKM2017020203",1,"B",16.3,48.5,7.9,31.7,7.7,NA
"197","CKM2017020203",2,"B",16.3,48.6,8,31.9,7.7,NA
"198","CKM2017020203",3,"B",16.3,49.4,8,32.4,7.7,NA
"199","CKM2017020203",4,"B",16.3,49.8,8,32.6,7.6,NA
"200","CKM2017020203",5,"B",16.3,50,8,32.8,7.6,NA
"201","CKM2017020203",6,"B",16.3,50,8,32.8,7.5,NA
"202","CKM2017020203",6.4,"B",16.3,50,8,32.8,7.4,NA
"203","CKM2017020204",0.2,"B",17,48.8,7.9,31.9,7.5,NA
"204","CKM2017020204",1,"B",16.2,48.7,7.9,31.8,7.6,NA
"205","CKM2017020204",2,"B",16.2,48.9,7.9,32,7.6,NA
"206","CKM2017020204",3,"B",16.1,49,7.9,32.1,7.6,NA
"207","CKM2017020204",4,"B",16.1,49.4,7.9,32.3,7.4,NA
"208","CKM2017020204",5,"B",16.1,49.4,8,32.3,7.4,NA
"209","CKM2017020204",5.5,"B",16.1,49.4,8,32.3,7.3,NA
"210","CKM2017020205",0.2,"B",16.8,45.9,7.9,29.8,7.6,NA
"211","CKM2017020205",1,"B",16.6,46.8,7.9,30.4,7.8,NA
"212","CKM2017020205",2,"B",16.3,47.3,7.9,30.8,7.8,NA
"213","CKM2017020205",3,"B",16.1,48.1,7.9,31.4,7.7,NA
"214","CKM2017020205",4,"B",16.1,48.3,7.9,31.5,7.7,NA
"215","CKM2017020205",4.5,"B",16.1,48.3,7.9,31.5,7.6,NA
"216","CKM2017020206",0.2,"B",18.3,42.8,8,27.6,8.7,NA
"217","CKM2017020207",0.2,"B",17.5,42.9,8,27.7,9,NA
"218","CKM2017020207",1,"B",17.4,42.9,8,27.6,8.9,NA
"219","CKM2017020208",0.2,"B",18.5,41.5,8.1,26.7,9.4,NA
"220","CKM2017020208",0.6,"B",18.4,41.6,8.1,26.7,9.5,NA
"221","CKM2017020301",0.2,"B",16.8,38.1,7.9,24.4,4.2,NA
"222","CKM2017020301",1,"B",16.8,40,7.9,25.6,5,NA
"223","CKM2017020301",1.8,"B",16.8,40.7,7.8,26.1,5.7,NA
"224","CKM2017020302",0.2,"B",17,32.9,7.9,20.6,8.6,NA
"225","CKM2017020302",0.3,"B",17,32.9,7.9,20.6,8.6,NA
"226","CKM2017020303",0.2,"B",17.4,31.8,7.9,19.9,8.3,NA
"227","CKM2017020303",0.4,"B",17.4,31.8,7.9,19.5,7.5,NA
"228","CKM2017020304",0.2,"B",17.1,23.8,7.9,14.5,8,NA
"229","CKM2017020304",0.5,"B",17.1,23.9,7.8,14.5,6.3,NA
"230","CKM2017020305",0.2,"B",18,23.9,7.8,14.5,8,NA
"231","CKM2017020305",0.4,"B",18,23.8,7.7,14.5,7.2,NA
"232","CKM2017020306",0.2,"B",19,33.6,8.1,21.1,10.2,NA
"233","CKM2017020306",1,"B",18.9,33.6,8.1,21.1,9.6,NA
"234","CKM2017020307",0.2,"B",18.4,33,8,20.7,7.5,NA
"235","CKM2017020307",0.9,"B",18.4,33,8,20.7,7.9,NA
"236","CKM2017020308",0.2,"B",19.2,33,8,20.7,7.8,NA
"237","CKM2017020401",0.2,"B",15.8,39.7,7.9,25.4,6.5,NA
"238","CKM2017020401",0.5,"B",15.9,39.8,7.9,25.4,6.2,NA
"239","CKM2017020402",0.2,"B",15.3,39.5,8,25.3,7.8,NA
"240","CKM2017020402",0.3,"B",15.2,39.6,8,25.3,6.6,NA
"241","CKM2017020403",0.2,"B",16.5,39.8,8,25.4,6.7,NA
"242","CKM2017020403",0.4,"B",16.5,39.8,8,25.5,6.6,NA
"243","CKM2017020404",0.2,"B",16.9,39.4,8,25.2,6.3,NA
"244","CKM2017020404",0.5,"B",16.9,39.4,8,25.2,6.3,NA
"245","CKM2017020405",0.2,"B",16.3,39.2,8.1,25,8.7,NA
"246","CKM2017020405",0.8,"B",16.3,39.3,8,25.1,6.8,NA
"247","CKM2017020406",0.2,"B",17,43.6,8.1,28.1,6.8,NA
"248","CKM2017020406",0.4,"B",17,43.6,8.1,28.1,6.7,NA
"249","CKM2017020407",0.2,"B",17.9,44.4,8.1,28.8,7,NA
"250","CKM2017020407",0.4,"B",17.9,44.4,8.1,28.8,6.9,NA
"251","CKM2017020408",0.2,"B",17.4,43.3,8.1,27.9,6.6,NA
"252","CKM2017020408",0.6,"B",17.4,43.3,8.1,27.9,6.5,NA
"253","CKM2017020501",0.2,"B",16.2,11.5,7.7,6.7,6.8,NA
"254","CKM2017020501",0.8,"B",16.6,32.1,7.6,20.1,5.8,NA
"255","CKM2017020502",0.2,"B",16.3,6.8,7.6,3.8,6.7,NA
"256","CKM2017020502",0.9,"B",16.3,6.9,7.5,3.8,6.3,NA
"257","CKM2017020503",0.2,"B",18,34.5,7.9,21.7,6.1,NA
"258","CKM2017020503",0.7,"B",17.9,35.7,7.9,22.8,5.9,NA
"259","CKM2017020504",0.2,"B",18.3,38.5,7.9,24.5,5.7,NA
"260","CKM2017020504",0.7,"B",18.2,38.9,7.9,24.9,5.7,NA
"261","CKM2017020505",0.2,"B",18.5,31.5,7.9,19.6,6,NA
"262","CKM2017020505",0.3,"B",18.4,31.7,7.8,19.8,5.8,NA
"263","CKM2017020506",0.2,"B",18.7,32.4,7.8,20.3,5.6,NA
"264","CKM2017020506",0.4,"B",18.6,32.4,7.9,20.3,5.6,NA
"265","CKM2017020507",0.2,"B",16.8,2.7,8.3,1.4,7,NA
"266","CKM2017020507",0.3,"B",16.9,2.7,8.2,1.4,6.2,NA
"267","CKM2017020508",0.2,"B",17.7,0.8,8,0.4,6.5,NA
"268","CKM2017020508",0.4,"B",17.8,0.8,7.9,0.4,6.2,NA
"269","CKM2017020601",0.2,"B",17.4,38,8,24.2,7.6,NA
"270","CKM2017020601",1,"B",17.4,38,8,24.3,7.7,NA
"271","CKM2017020601",2,"B",17.4,39.5,8,25.4,7.3,NA
"272","CKM2017020601",3,"B",16.9,47.4,7.8,30.9,5.8,NA
"273","CKM2017020601",3.3,"B",16.9,47.5,7.9,31,5.1,NA
"274","CKM2017020602",0.2,"B",15.5,0.2,8.8,0.1,8,NA
"275","CKM2017020602",1,"B",15.5,0.2,8.6,0.1,7.9,NA
"276","CKM2017020602",1.9,"B",15.4,0.2,8.3,0.1,7.7,NA
"277","CKM2017020603",0.2,"B",15.7,0.1,8,0.1,8.6,NA
"278","CKM2017020603",1,"B",15.7,0.1,7.9,0.1,7.9,NA
"279","CKM2017020603",2,"B",15.6,0.1,7.9,0.1,7.8,NA
"280","CKM2017020603",2.2,"B",15.6,0.1,7.8,0.1,7.8,NA
"281","CKM2017020604",0.2,"B",15.8,0.5,7.7,0.3,7.9,NA
"282","CKM2017020604",1,"B",15.8,0.5,7.6,0.3,7.8,NA
"283","CKM2017020604",1.2,"B",15.6,0.5,7.6,0.3,7.7,NA
"284","CKM2017020605",0.2,"B",16.1,1.9,7.4,1,8.9,NA
"285","CKM2017020605",0.8,"B",16.1,1.9,7.4,1,8.9,NA
"286","CKM2017020606",0.2,"B",16.1,0.9,7.9,0.4,8.9,NA
"287","CKM2017020606",0.6,"B",16.1,0.9,7.9,0.4,8.9,NA
"288","CKM2017020607",0.2,"B",16.9,0.1,8,0.1,8.4,NA
"289","CKM2017020607",0.3,"B",16.9,0.1,7.9,0.1,8.3,NA
"290","CKM2017020608",0.2,"B",17.4,0.1,7.8,0.1,8,NA
"291","CKM2017020608",0.5,"B",17.3,0.1,7.7,0.1,8,NA
"292","CKM2017020609",0.2,"B",16.2,0.1,7.6,0.1,8.1,NA
"293","CKM2017020609",1,"B",16,0.1,7.6,0.1,7.8,NA
"294","CKM2017020609",2,"B",16,0.1,7.4,0.1,7.7,NA
"295","CKM2017020609",3,"B",16,0.1,7.4,0.1,7.7,NA
"296","CKM2017020609",3.6,"B",16,0.1,7.4,0.1,7.7,NA
"297","CKM2017020701",0.2,"B",16.3,22.9,7.8,13.9,4.2,NA
"298","CKM2017020701",0.3,"B",16.3,23,7.8,14,4.5,NA
"299","CKM2017020702",0.2,"B",17.2,22.8,7.8,13.8,5.9,NA
"300","CKM2017020703",0.2,"B",17.4,1.2,8.1,0.6,7.3,NA
"301","CKM2017020703",0.8,"B",17.4,1.2,8.1,0.6,7.2,NA
"302","CKM2017020704",0.2,"B",17.2,1.3,8,0.7,7.1,NA
"303","CKM2017020705",0.2,"B",17.2,0.2,8.2,0.1,8.3,NA
"304","CKM2017020705",0.4,"B",17.3,0.3,7.9,0.1,7.9,NA
"305","CKM2017020706",0.2,"B",17.9,0.2,8.3,0.1,8,NA
"306","CKM2017020706",0.9,"B",17.8,0.2,8.1,0.1,7.8,NA
"307","CKM2017020707",0.2,"B",18.1,0.6,8.1,0.3,7.8,NA
"308","CKM2017020707",1,"B",16.9,13.8,7.2,8,7.6,NA
"309","CKM2017020707",1.9,"B",16.9,14.3,7.3,8.3,8.1,NA
"310","CKM2017020708",0.2,"B",18.5,4.9,7.8,2.6,8.1,NA
"311","CKM2017020708",0.4,"B",17.7,9.5,7.6,5.1,7.7,NA
"312","CKM2017020801",0.2,"B",19.2,28.8,8,17.8,6.7,NA
"313","CKM2017020801",1,"B",19.1,28.8,8,17.8,6.7,NA
"314","CKM2017020801",1.6,"B",19.1,28.8,8,17.8,6.7,NA
"315","CKM2017020802",0.2,"B",19.4,26.7,8,16.4,8,NA
"316","CKM2017020802",0.3,"B",19.4,26.8,8,16.5,7.9,NA
"317","CKM2017020803",0.2,"B",19.2,27.8,8,17.1,7.7,NA
"318","CKM2017020803",0.4,"B",19.2,27.8,8,17.1,7.7,NA
"319","CKM2017020804",0.2,"B",19.1,8,8.1,4.4,7.2,NA
"320","CKM2017020804",1,"B",19.1,8,8.1,4.5,7.2,NA
"321","CKM2017020804",1.9,"B",19.1,8,8.1,4.5,7.2,NA
"322","CKM2017020805",0.2,"B",19.8,0.6,8.2,0.3,7.5,NA
"323","CKM2017020805",1,"B",19.5,0.7,8,0.4,6.9,NA
"324","CKM2017020806",0.2,"B",19.1,0.2,8.1,0.1,7.2,NA
"325","CKM2017020806",0.9,"B",19.2,0.2,8,0.1,7.2,NA
"326","CKM2017020807",0.2,"B",19.8,0.3,7.7,0.1,7.6,NA
"327","CKM2017020807",1,"B",19.6,0.3,7.6,0.1,7.4,NA
"328","CKM2017020807",2,"B",19.6,0.3,7.6,0.1,7.4,NA
"329","CKM2017020807",3,"B",19.5,0.3,7.5,0.1,7.3,NA
"330","CKM2017020807",4,"B",19.5,0.3,7.5,0.1,7.3,NA
"331","CKM2017020807",4.8,"B",19.5,0.3,7.5,0.1,7.3,NA
"332","CKM2017020808",0.2,"B",20.3,0.4,7.7,0.2,7.5,NA
"333","CKM2017020808",1,"B",20.2,0.4,7.6,0.2,7.4,NA
"334","CKM2017020808",2,"B",20.3,0.8,7.3,0.6,7.3,NA
"335","CKM2017020808",3,"B",20.2,1.2,7.4,0.8,7.3,NA
"336","CKM2017020808",3.2,"B",20.2,1.4,7.4,1,7.3,NA
"337","CKM2017020809",0.2,"B",20.5,26.6,7.6,16.3,8.9,NA
"338","CKM2017020809",1,"B",19.7,27.3,7.8,16.7,9,NA
"339","CKM2017020809",2,"B",19.4,29.8,7.8,18.5,7.3,NA
"340","CKM2017020809",2.3,"B",19.4,30.2,7.8,18.7,6.1,NA
"341","CKM2017030101",0.2,"B",21.3,29.5,8,18.2,7.6,NA
"342","CKM2017030101",0.3,"B",21.3,29.5,8,18.3,7.1,NA
"343","CKM2017030102",0.2,"B",21.7,0.8,8.8,0.4,6.7,NA
"344","CKM2017030102",0.3,"B",21.8,0.8,8.6,0.4,6.7,NA
"345","CKM2017030103",0.2,"B",21.1,0,8.4,0,8.1,NA
"346","CKM2017030103",1,"B",21.1,0.3,8.7,0.1,7.1,NA
"347","CKM2017030103",2,"B",21.1,0.3,8.5,0.1,6.7,NA
"348","CKM2017030103",3,"B",21.1,0.3,8.4,0.2,6.6,NA
"349","CKM2017030103",3.3,"B",21.1,0.3,8.3,0.2,6.5,NA
"350","CKM2017030104",0.2,"B",23.5,0.3,7.8,0.1,6.3,NA
"351","CKM2017030104",1,"B",21.2,0.3,7.8,0.1,7.3,NA
"352","CKM2017030104",2,"B",21.1,0.3,7.8,0.1,6.7,NA
"353","CKM2017030104",3,"B",21.1,0.3,7.7,0.1,6.6,NA
"354","CKM2017030105",0.2,"B",22.6,0.6,7.8,0.3,8.6,NA
"355","CKM2017030105",1,"B",22.5,0.6,7.8,0.3,7.8,NA
"356","CKM2017030105",2,"B",22.4,0.5,7.8,0.3,7.5,NA
"357","CKM2017030105",3,"B",22.2,0.4,7.8,0.2,7.3,NA
"358","CKM2017030105",4,"B",21.9,0.4,7.8,0.2,7,NA
"359","CKM2017030105",4.2,"B",21.9,0.4,7.8,0.2,7,NA
"360","CKM2017030106",0.2,"B",22.5,0.3,7.7,0.2,7,NA
"361","CKM2017030106",1,"B",22.3,0.3,7.8,0.1,7,NA
"362","CKM2017030106",1.3,"B",22.1,0.2,7.7,0.1,6.9,NA
"363","CKM2017030107",0.2,"B",23,0.2,7.8,0.1,7.3,NA
"364","CKM2017030107",0.6,"B",22.9,0.3,7.8,0.1,6.9,NA
"365","CKM2017030108",0.2,"B",21.7,0.3,7.6,0.1,6.4,NA
"366","CKM2017030108",0.9,"B",21.3,0.3,7.5,0.1,6.3,NA
"367","CKM2017030109",0.2,"B",21.6,0.3,7.7,0.1,7.2,NA
"368","CKM2017030109",0.6,"B",21.6,0.2,7.6,0.1,6.7,NA
"369","CKM2017030110",0.2,"B",21.6,0.3,7.7,0.1,7.4,NA
"370","CKM2017030110",1,"B",21.6,0.3,7.7,0.1,6.9,NA
"371","CKM2017030110",2,"B",21.4,0.3,7.7,0.1,6.7,NA
"372","CKM2017030110",3,"B",21.4,0.3,7.6,0.1,6.5,NA
"373","CKM2017030110",4,"B",21.3,0.3,7.6,0.1,6.5,NA
"374","CKM2017030110",4.3,"B",21.3,0.3,7.6,0.1,6.4,NA
"375","CKM2017030201",0.2,"B",21.6,42.7,8,27.5,8,NA
"376","CKM2017030202",0.2,"B",21.6,42.3,8,27.2,8,NA
"377","CKM2017030202",0.6,"B",21.6,42.3,7.7,27.2,8,NA
"378","CKM2017030203",0.2,"B",21.2,43.9,8,28.3,7.6,NA
"379","CKM2017030203",1,"B",21.2,43.9,8,28.3,7.6,NA
"380","CKM2017030203",1.9,"B",21.2,43.9,8,28.3,7.6,NA
"381","CKM2017030204",0.2,"B",21.5,45.6,8.1,29.6,8.4,NA
"382","CKM2017030204",0.7,"B",21.5,45.6,8.1,29.6,8.4,NA
"383","CKM2017030205",0.2,"B",21.4,46.1,8,30,7.7,NA
"384","CKM2017030205",1,"B",21.4,46.1,8,30,7.6,NA
"385","CKM2017030205",2,"B",21.4,46.1,8,30,7.6,NA
"386","CKM2017030205",2.5,"B",21.4,46.1,8,30,7.5,NA
"387","CKM2017030206",0.2,"B",21.4,46.2,8,30,7.6,NA
"388","CKM2017030206",1,"B",21.3,46.2,8,30,7.6,NA
"389","CKM2017030206",2,"B",21.3,46.2,8,30,7.5,NA
"390","CKM2017030206",2.8,"B",21.2,46.2,8,30,7.5,NA
"391","CKM2017030207",0.2,"B",21.8,45.7,8,29.7,7.9,NA
"392","CKM2017030207",1,"B",21.6,45.8,8,29.7,7.9,NA
"393","CKM2017030207",2,"B",21.6,45.8,8,29.7,7.9,NA
"394","CKM2017030207",2.5,"B",21.6,45.8,8,29.7,7.9,NA
"395","CKM2017030208",0.2,"B",22.6,45.8,8,29.7,7.9,NA
"396","CKM2017030208",0.6,"B",22.6,45.8,8,29.8,7.9,NA
"397","CKM2017030209",0.2,"B",21.8,46.5,8,30.2,8.1,NA
"398","CKM2017030209",1,"B",21.7,46.6,8,30.3,8.1,NA
"399","CKM2017030209",2,"B",21.7,46.6,8,30.3,7.9,NA
"400","CKM2017030209",3,"B",21.4,46.8,8,30.4,7.6,NA
"401","CKM2017030301",0.2,"B",22.4,43.3,7.6,27.9,4.8,NA
"402","CKM2017030301",0.3,"B",22.4,43.3,7.6,27.9,4.9,NA
"403","CKM2017030302",0.2,"B",22.9,43.3,7.6,27.9,4.9,NA
"404","CKM2017030303",0.2,"B",22.4,42.8,7.7,27.6,5.4,NA
"405","CKM2017030303",1,"B",22.3,42.9,7.7,27.7,5.2,NA
"406","CKM2017030303",2,"B",22.3,42.9,7.7,27.7,5,NA
"407","CKM2017030304",0.2,"B",22.9,44.2,7.8,28.5,6.5,NA
"408","CKM2017030304",0.3,"B",22.9,44.3,7.8,28.7,6.7,NA
"409","CKM2017030305",0.2,"B",23.4,46.2,8,30,8.2,NA
"410","CKM2017030305",0.7,"B",23.3,46.2,8,30,8.2,NA
"411","CKM2017030306",0.2,"B",23,46.2,7.9,30,7.6,NA
"412","CKM2017030306",0.6,"B",23,46.2,7.9,30,7.6,NA
"413","CKM2017030307",0.2,"B",23.4,46.1,8.1,29.9,8.8,NA
"414","CKM2017030307",0.7,"B",23.4,46.1,8.6,29.9,8.7,NA
"415","CKM2017030401",0.2,"B",16.6,44.2,7.9,28.6,8.2,NA
"416","CKM2017030401",0.4,"B",16.6,44.2,7.9,28.5,7.8,NA
"417","CKM2017030402",0.2,"B",17.1,44.5,7.9,28.7,7.6,NA
"418","CKM2017030402",0.5,"B",17.1,44.5,7.9,28.8,7.5,NA
"419","CKM2017030403",0.2,"B",17.6,44.8,8,29.1,7.9,NA
"420","CKM2017030403",1,"B",17.7,44.9,8,29.1,7.7,NA
"421","CKM2017030403",1.6,"B",17.7,44.9,8,29.1,7.7,NA
"422","CKM2017030404",0.2,"B",18.4,44.5,7.9,28.7,9.1,NA
"423","CKM2017030404",0.6,"B",18.3,44.5,8,28.9,9.4,NA
"424","CKM2017030405",0.2,"B",18.9,45.5,7.9,29.6,7.6,NA
"425","CKM2017030405",0.4,"B",18.9,45.5,7.9,29.6,7.6,NA
"426","CKM2017030406",0.2,"B",19.9,46.1,8,30,8,NA
"427","CKM2017030406",0.3,"B",19.9,46.1,8,30,8,NA
"428","CKM2017030407",0.2,"B",18.4,46.2,8,30,7.5,NA
"429","CKM2017030407",0.5,"B",18.4,46.2,8,30,7.3,NA
"430","CKM2017030408",0.2,"B",19.4,45.4,8.1,29.5,7.9,NA
"431","CKM2017030408",0.5,"B",19.5,45.4,8.1,29.5,7.8,NA
"432","CKM2017030501",0.2,"B",17.8,24.6,7.8,15,7.9,NA
"433","CKM2017030501",0.6,"B",17.8,30.7,7.8,19.1,7.8,NA
"434","CKM2017030502",0.2,"B",18,22.2,7.9,13.5,7.9,NA
"435","CKM2017030502",1,"B",18,31.3,7.7,19.8,7.7,NA
"436","CKM2017030502",1.8,"B",17.8,32,7.8,20.1,7.7,NA
"437","CKM2017030503",0.2,"B",18,23.1,7.9,14,7.9,NA
"438","CKM2017030503",0.9,"B",18,23.1,7.9,14,7.9,NA
"439","CKM2017030504",0.2,"B",17.5,27,7.8,16.6,7.4,NA
"440","CKM2017030504",0.4,"B",17.5,27,7.8,16.6,7.2,NA
"441","CKM2017030505",0.2,"B",18.1,19.3,7.9,11.6,7.9,NA
"442","CKM2017030505",0.5,"B",18.1,19.8,7.8,12.1,7.7,NA
"443","CKM2017030506",0.2,"B",18.4,5,8.2,2.7,7.9,NA
"444","CKM2017030506",0.3,"B",18.4,5,8.2,2.7,7.3,NA
"445","CKM2017030507",0.2,"B",18.3,24.8,7.6,15.2,7.4,NA
"446","CKM2017030507",0.9,"B",18.3,27.1,7.6,16.8,7.3,NA
"447","CKM2017030508",0.2,"B",19.4,12.2,8,7,7.9,NA
"448","CKM2017030508",0.6,"B",19.5,14,7.8,8.7,7.8,NA
"449","CKM2017030601",0.2,"B",17.8,39.4,8.1,25.2,6.8,NA
"450","CKM2017030601",1,"B",17.7,39.3,8.1,25.2,6.7,NA
"451","CKM2017030602",0.2,"B",18.9,42.5,8.3,27.4,8.4,NA
"452","CKM2017030602",0.5,"B",18.9,42.5,8.3,27.4,8.3,NA
"453","CKM2017030603",0.2,"B",18.7,38.6,8.4,24.6,9,NA
"454","CKM2017030603",0.5,"B",18.6,38.6,8.4,24.6,8.7,NA
"455","CKM2017030604",0.2,"B",18.8,39.1,8.3,24.9,8.1,NA
"456","CKM2017030604",1,"B",18.7,39.1,8.3,24.9,7.9,NA
"457","CKM2017030604",1.3,"B",18.8,39.1,8.3,24.9,7.8,NA
"458","CKM2017030605",0.2,"B",19,37.6,8.3,23.9,9,NA
"459","CKM2017030605",0.5,"B",19,37.5,8.2,23.8,7.7,NA
"460","CKM2017030606",0.2,"B",19.7,38.4,8.3,24.5,8.9,NA
"461","CKM2017030606",0.7,"B",19.3,38.4,8.3,24.5,8.8,NA
"462","CKM2017030607",0.2,"B",19.8,38.9,8.4,24.8,9.7,NA
"463","CKM2017030607",0.6,"B",19.8,38.9,8.4,24.8,9.6,NA
"464","CKM2017030608",0.2,"B",20.3,35.4,8.2,22.4,8.2,NA
"465","CKM2017030608",0.5,"B",20.2,35.6,8.2,22.5,7.9,NA
"466","CKM2017030701",0.2,"B",20.1,1.3,7.9,0.6,7.5,NA
"467","CKM2017030701",1,"B",20.1,1.4,7.9,0.7,7.3,NA
"468","CKM2017030701",2,"B",19.9,1.9,7.9,0.9,7.2,NA
"469","CKM2017030701",3,"B",19.8,2.4,7.8,1.3,6.8,NA
"470","CKM2017030701",4,"B",19.7,4.8,7.7,2.5,6.8,NA
"471","CKM2017030701",4.2,"B",19.7,5.4,7.7,2.9,6.7,NA
"472","CKM2017030702",0.2,"B",20.5,35.5,8,22.4,7.7,NA
"473","CKM2017030702",1,"B",20.2,35.6,8,22.5,7.4,NA
"474","CKM2017030702",2,"B",19.7,39.4,7.9,25.2,6.7,NA
"475","CKM2017030702",2.5,"B",19.5,40.5,7.9,25.9,5.9,NA
"476","CKM2017030703",0.2,"B",19.7,45.7,8.1,29.6,7.5,NA
"477","CKM2017030703",1,"B",19.9,45.7,8.1,29.6,7.4,NA
"478","CKM2017030703",2,"B",19.8,45.7,8.1,29.7,7.3,NA
"479","CKM2017030703",2.5,"B",19.8,45.8,8.1,29.7,7.2,NA
"480","CKM2017030704",0.2,"B",19.8,44.7,8.1,28.9,7.8,NA
"481","CKM2017030704",1,"B",19.8,44.7,8.1,28.9,7.6,NA
"482","CKM2017030704",2,"B",19.3,45.6,8.1,29.6,7.4,NA
"483","CKM2017030704",3,"B",19.1,46.2,8,30.4,7.2,NA
"484","CKM2017030704",4,"B",19,46.4,8,30.2,7,NA
"485","CKM2017030704",5,"B",18.9,46.4,8,30.2,6.9,NA
"486","CKM2017030704",5.4,"B",18.9,46.4,8,30.2,6.9,NA
"487","CKM2017030705",0.2,"B",20.9,40.6,8.1,25.9,8,NA
"488","CKM2017030705",1,"B",20.5,40.7,8.1,26.2,7.9,NA
"489","CKM2017030705",2,"B",19.7,42.1,8.1,27.1,7.7,NA
"490","CKM2017030705",2.7,"B",19.6,42.2,8.1,27.2,7.6,NA
"491","CKM2017030706",0.2,"B",21.6,40.3,8.2,25.8,8.3,NA
"492","CKM2017030706",1,"B",20.9,41.2,8.1,26.5,7.8,NA
"493","CKM2017030706",2,"B",20.3,42.1,8.1,27.1,7.7,NA
"494","CKM2017030706",3,"B",19.6,42.5,8.1,27.4,7.5,NA
"495","CKM2017030706",3.4,"B",19.5,42.6,8.1,27.4,7.2,NA
"496","CKM2017030707",0.2,"B",22.6,35.8,8.2,22.9,9.1,NA
"497","CKM2017030707",0.3,"B",22.7,36,8.2,22.9,9.2,NA
"498","CKM2017030801",0.2,"B",20.5,16.5,7.7,9.7,6.5,NA
"499","CKM2017030801",0.5,"B",20.4,32,7.8,20,6.1,NA
"500","CKM2017030802",0.2,"B",20.3,30.2,7.8,18.8,7.8,NA
"501","CKM2017030802",0.6,"B",20.3,30.2,7.8,18.8,6.5,NA
"502","CKM2017030803",0.2,"B",20.8,26.3,7.8,16.1,7.1,NA
"503","CKM2017030803",0.3,"B",20.8,26.3,7.7,16.1,6.4,NA
"504","CKM2017030804",0.2,"B",20.2,7.3,8.2,4,8.1,NA
"505","CKM2017030804",0.5,"B",20.3,7.3,8.2,4,6.5,NA
"506","CKM2017030805",0.2,"B",20.8,4.5,7.9,2.2,8.9,NA
"507","CKM2017030805",1,"B",20,21.2,7.8,12.3,6.6,NA
"508","CKM2017030805",2,"B",19.5,23.4,7.8,14.2,5.8,NA
"509","CKM2017030805",2.1,"B",19.5,23.4,7.8,14.2,5.7,NA
"510","CKM2017030806",0.2,"B",21.2,13.8,7.8,8,7.9,NA
"511","CKM2017030806",0.6,"B",21.2,14,7.8,8.1,7.9,NA
"512","CKM2017030807",0.2,"B",21.1,0.5,7.8,0.2,8.6,NA
"513","CKM2017030807",1,"B",21.1,0.8,8,0.4,7.5,NA
"514","CKM2017030807",1.4,"B",21.1,0.8,8,0.4,7,NA
"515","CKM2017030808",0.2,"B",21.8,28.6,7.3,17.4,8,NA
"516","CKM2017030808",0.8,"B",21.6,33,7.4,20.6,7.7,NA
"517","CKM2017030809",0.2,"B",23,15.8,7.9,9.4,7.8,NA
"518","CKM2017030809",0.7,"B",21.4,27.7,7.6,17.2,7.1,NA
"519","CKM2017040101",0.2,"B",23.8,42.8,8,27.6,7.8,NA
"520","CKM2017040101",1,"B",23.8,42.9,7.9,27.7,7.5,NA
"521","CKM2017040101",1.2,"B",23.8,43.1,7.9,27.7,7.3,NA
"522","CKM2017040102",0.2,"B",23.6,40.7,7.9,26.1,7.6,NA
"523","CKM2017040102",0.8,"B",23.5,40.7,7.8,26.1,7.3,NA
"524","CKM2017040103",0.2,"B",24,42.2,8,27.1,8.5,NA
"525","CKM2017040103",1,"B",23.9,42.4,7.9,27.3,7.9,NA
"526","CKM2017040103",1.1,"B",23.9,42.4,7.9,27.3,7.7,NA
"527","CKM2017040104",0.2,"B",24,41.9,8,26.9,7.8,NA
"528","CKM2017040104",0.4,"B",24,41.9,7.9,26.9,7.8,NA
"529","CKM2017040105",0.2,"B",23.9,37.9,7.7,24.1,7.4,NA
"530","CKM2017040105",0.6,"B",23.9,37.9,7.7,24.1,7.2,NA
"531","CKM2017040106",0.2,"B",24.4,40.1,7.7,25.6,7.9,NA
"532","CKM2017040106",0.7,"B",24.4,40.1,7.7,25.6,7.6,NA
"533","CKM2017040107",0.2,"B",25.1,39.8,7.9,25.4,7.5,NA
"534","CKM2017040107",0.7,"B",25.2,39.8,7.9,25.4,8.2,NA
"535","CKM2017040108",0.2,"B",25.1,42.8,8.1,27.5,7.5,NA
"536","CKM2017040108",1,"B",25.1,42.7,8,27.5,8,NA
"537","CKM2017040108",2,"B",25.1,42.7,8,27.5,8.1,NA
"538","CKM2017040108",2.2,"B",25.1,42.8,8,27.5,8.1,NA
"539","CKM2017040201",0.2,"B",22.9,31.2,7.8,22.8,6.8,NA
"540","CKM2017040201",0.5,"B",22.9,38.4,7.8,24.4,5.8,NA
"541","CKM2017040202",0.2,"B",23.3,39,7.9,24.8,7.9,NA
"542","CKM2017040202",1,"B",23.2,39,7.9,24.8,6.1,NA
"543","CKM2017040202",1.2,"B",23.2,39,7.9,24.8,6.1,NA
"544","CKM2017040203",0.2,"B",23.7,40.5,8,25.9,6,NA
"545","CKM2017040203",1,"B",23.7,40.6,8,25.9,5.9,NA
"546","CKM2017040204",0.2,"B",24.5,43.7,8.1,28.2,8,NA
"547","CKM2017040204",1,"B",24.3,43.8,8.1,28.2,7.1,NA
"548","CKM2017040204",1.1,"B",24.3,43.8,8.1,28.2,6.8,NA
"549","CKM2017040205",0.2,"B",24.6,45.5,8.1,29.4,7.8,NA
"550","CKM2017040205",0.7,"B",24.6,45.5,8.2,29.4,7.5,NA
"551","CKM2017040206",0.2,"B",25,45.6,8.2,29.5,7.8,NA
"552","CKM2017040206",0.3,"B",25.1,45.6,8.2,29.5,7.8,NA
"553","CKM2017040207",0.2,"B",24.7,44.9,8.2,29.1,7.3,NA
"554","CKM2017040207",0.7,"B",24.7,44.9,8.2,29.1,7.3,NA
"555","CKM2017040301",0.2,"B",22.6,0.3,8.2,0.2,8.7,NA
"556","CKM2017040301",0.7,"B",22.6,0.3,8.2,0.2,8.5,NA
"557","CKM2017040302",0.2,"B",22.9,0.3,8.1,0.2,7.9,NA
"558","CKM2017040302",1,"B",22.9,0.3,8.1,0.2,7.8,NA
"559","CKM2017040302",1.3,"B",22.9,0.3,8,0.2,7.7,NA
"560","CKM2017040303",0.2,"B",22.9,0.3,8.1,0.2,7.8,NA
"561","CKM2017040303",1,"B",22.9,0.3,8.1,0.2,7.7,NA
"562","CKM2017040303",2,"B",22.9,0.3,8.1,0.2,7.7,NA
"563","CKM2017040303",3,"B",22.9,0.3,8,0.2,7.6,NA
"564","CKM2017040303",4,"B",22.9,0.3,8,0.2,7.5,NA
"565","CKM2017040303",5,"B",22.9,0.3,8,0.2,7.5,NA
"566","CKM2017040303",5.1,"B",22.9,0.3,8,0.2,7.5,NA
"567","CKM2017040304",0.2,"B",21.7,0.6,8.3,0.3,8.6,NA
"568","CKM2017040305",0.2,"B",21.6,0.7,8.3,0.3,8.9,NA
"569","CKM2017040306",0.2,"B",20.3,3.7,8.3,1.9,9.1,NA
"570","CKM2017040307",0.2,"B",18.3,13.5,8.2,7.8,9.9,NA
"571","CKM2017040307",1,"B",17.8,16.7,8.1,9.8,9.3,NA
"572","CKM2017040307",2,"B",17.8,16.6,8.1,9.6,9,NA
"573","CKM2017040307",2.8,"B",17.8,16.4,8.1,9.6,9.3,NA
"574","CKM2017040308",0.2,"B",18.9,11.8,8.1,6.9,9.5,NA
"575","CKM2017040308",1,"B",18.6,13.7,8,8,9.4,NA
"576","CKM2017040308",2,"B",17.7,16.4,8,9.7,9.1,NA
"577","CKM2017040308",2.1,"B",17.6,16.4,8,9.7,8.9,NA
"578","CKM2017040309",0.2,"B",21.7,3.4,8,1.8,8.5,NA
"579","CKM2017040309",1,"B",21.7,3.4,8,1.8,8.5,NA
"580","CKM2017040309",2,"B",21.2,5.9,8,3.6,8.4,NA
"581","CKM2017040309",2.8,"B",20.2,7.4,8,4.1,8.3,NA
"582","CKM2017040310",0.2,"B",22.7,0.5,8.4,0.2,8.2,NA
"583","CKM2017040310",1,"B",22.7,0.5,8.3,0.2,8.3,NA
"584","CKM2017040310",2,"B",22.7,0.5,8.2,0.3,8.4,NA
"585","CKM2017040310",2.1,"B",22.3,1.8,8,0.9,8.4,NA
"586","CKM2017040401",0.2,"B",20.7,41.7,8.2,26.8,9,NA
"587","CKM2017040401",0.3,"B",20.7,41.7,8.2,26.8,9,NA
"588","CKM2017040402",0.2,"B",20.8,42.3,8.2,27.2,8.5,NA
"589","CKM2017040402",0.4,"B",20.8,42.3,8.2,27.2,8.5,NA
"590","CKM2017040403",0.2,"B",20.8,43.9,8.2,28.4,8.9,NA
"591","CKM2017040403",0.5,"B",20.8,43.9,8.2,28.4,8.9,NA
"592","CKM2017040404",0.2,"B",20.9,44.9,8.3,29.1,9,NA
"593","CKM2017040404",0.5,"B",20.9,44.9,8.3,29.1,8.7,NA
"594","CKM2017040405",0.2,"B",20.8,42.6,8.3,27.4,8.6,NA
"595","CKM2017040406",0.2,"B",21.1,46.1,8.1,29.9,7.9,NA
"596","CKM2017040406",1,"B",21.1,46.1,8.1,30,7.8,NA
"597","CKM2017040406",2,"B",21.1,46.1,8.1,30,7.6,NA
"598","CKM2017040406",3,"B",21.1,46.1,8.1,30,7.5,NA
"599","CKM2017040407",0.2,"B",21.6,47.7,8,31.1,8.2,NA
"600","CKM2017040407",1,"B",21.4,47.7,8,31.2,7.8,NA
"601","CKM2017040407",2,"B",21.3,47.8,8,31.2,7.7,NA
"602","CKM2017040407",3,"B",21.3,47.8,8,31.2,7.6,NA
"603","CKM2017040407",4,"B",21.3,47.8,8,31.2,7.6,NA
"604","CKM2017040407",5,"B",21.2,47.8,8,31.2,7.5,NA
"605","CKM2017040407",6,"B",21.2,47.8,8,31.2,7.5,NA
"606","CKM2017040407",6.8,"B",21.2,47.8,8,31.2,7.4,NA
"607","CKM2017040408",0.2,"B",21.5,47,8.1,30.6,8.6,NA
"608","CKM2017040408",1,"B",21.5,46.9,8.1,30.6,8.2,NA
"609","CKM2017040408",2,"B",21.4,46.9,8.1,30.6,8.1,NA
"610","CKM2017040408",3,"B",21.4,46.9,8,30.6,8.1,NA
"611","CKM2017040408",3.2,"B",21.4,46.9,7.9,30.5,8.1,NA
"612","CKM2017040409",0.2,"B",21.9,48.3,8,31.5,7.9,NA
"613","CKM2017040409",1,"B",21.7,48.8,8,32,7.7,NA
"614","CKM2017040409",2,"B",21.6,49.1,8,32.1,7.5,NA
"615","CKM2017040409",3,"B",21.5,49.1,8,32.1,7.5,NA
"616","CKM2017040409",4,"B",21.5,49.2,8,32.2,7.4,NA
"617","CKM2017040409",5,"B",21.5,49.2,8,32.2,7.4,NA
"618","CKM2017040409",6,"B",21.5,49.2,8,32.2,7.3,NA
"619","CKM2017040409",6.3,"B",21.5,49.2,8,32.2,7.3,NA
"620","CKM2017040501",0.2,"B",22,20.7,8.2,12.4,7.3,NA
"621","CKM2017040501",0.3,"B",22,20.7,8.2,12.4,7.2,NA
"622","CKM2017040502",0.2,"B",22.3,18.6,8.2,11,6.3,NA
"623","CKM2017040502",0.4,"B",22.3,18.6,8.1,11,6.3,NA
"624","CKM2017040503",0.2,"B",21.4,24.2,7.9,14.7,6.5,NA
"625","CKM2017040503",1,"B",21.3,24.3,7.9,14.8,5,NA
"626","CKM2017040504",0.2,"B",22.3,35.6,8.3,22.5,6.7,NA
"627","CKM2017040504",0.6,"B",22.4,35.7,8.3,22.5,6.7,NA
"628","CKM2017040505",0.2,"B",22.5,34.5,8.5,21.7,8.8,NA
"629","CKM2017040505",1,"B",22.5,34.5,8.6,21.7,8.8,NA
"630","CKM2017040505",1.1,"B",22.5,34.5,8.6,21.7,8.9,NA
"631","CKM2017040506",0.2,"B",22.8,34.6,8.5,21.8,8.2,NA
"632","CKM2017040506",0.5,"B",22.8,34.6,8.6,21.8,8.2,NA
"633","CKM2017040507",0.2,"B",23.2,33.8,8.6,21.2,8.3,NA
"634","CKM2017040507",0.9,"B",23,33.8,8.6,21.3,8.5,NA
"635","CKM2017040601",0.2,"B",21.8,29.7,8.3,18.4,7.6,NA
"636","CKM2017040601",0.3,"B",21.8,29.7,8.3,18.4,7.4,NA
"637","CKM2017040602",0.2,"B",22.4,26,8.2,15.8,6.4,NA
"638","CKM2017040602",0.4,"B",22.4,25.9,8.2,15.4,6.2,NA
"639","CKM2017040603",0.2,"B",23.3,0.6,9,0.3,8.2,NA
"640","CKM2017040603",0.3,"B",23.3,0.6,8.9,0.3,7.5,NA
"641","CKM2017040604",0.2,"B",21.9,31.9,7.9,19.9,7.2,NA
"642","CKM2017040604",0.5,"B",21.9,32,8,20,7.1,NA
"643","CKM2017040605",0.2,"B",22.4,23.3,8.4,14.1,7.6,NA
"644","CKM2017040605",1,"B",22.4,23.8,8.4,14.5,7.6,NA
"645","CKM2017040605",2,"B",22,31.6,8.3,19.6,6.5,NA
"646","CKM2017040605",2.2,"B",22.1,33,8.3,20.7,5.9,NA
"647","CKM2017040606",0.2,"B",23,21.9,8.4,13.2,12,NA
"648","CKM2017040606",1,"B",22.8,32.9,8.3,21.5,9.3,NA
"649","CKM2017040606",1.6,"B",22.6,35.9,8.3,22.5,6.6,NA
"650","CKM2017040607",0.2,"B",23.1,39.9,8.3,25.4,7.1,NA
"651","CKM2017040607",1,"B",22.7,42.7,8.3,27.5,7.1,NA
"652","CKM2017040607",2,"B",22.3,44.5,8.3,28.8,7,NA
"653","CKM2017040607",3,"B",22.2,45.9,8.3,29.8,6.7,NA
"654","CKM2017040607",4,"B",21.8,46,8.3,30,6.5,NA
"655","CKM2017040607",4.4,"B",21.4,46,8.3,30,6.2,NA
"656","CKM2017040608",0.2,"B",23.1,41.3,8.3,26.5,6.9,NA
"657","CKM2017040608",0.4,"B",23.1,41.3,8.3,26.5,6.9,NA
"658","CKM2017040701",0.2,"B",21.9,36.2,8.3,22.9,6.8,NA
"659","CKM2017040701",1,"B",22,38.3,8.3,24.1,6.6,NA
"660","CKM2017040701",2,"B",22.1,43.2,8.2,27.9,6.1,NA
"661","CKM2017040701",3,"B",22.1,44.7,8.2,28.9,5.9,NA
"662","CKM2017040702",0.2,"B",22.5,39.1,8.3,24.6,6.9,NA
"663","CKM2017040702",1,"B",22.4,38.2,8.3,24.3,6.9,NA
"664","CKM2017040702",2,"B",22.6,42.4,8.3,27.3,5.9,NA
"665","CKM2017040703",0.2,"B",21.9,34.1,8,21.4,5,NA
"666","CKM2017040703",0.3,"B",21.9,34.1,8,21.4,5,NA
"667","CKM2017040704",0.2,"B",22.3,31.1,8,19.4,5.3,NA
"668","CKM2017040704",0.3,"B",22.3,31.1,8,19.4,5.3,NA
"669","CKM2017040705",0.2,"B",23.4,29.2,8.3,18.1,7.5,NA
"670","CKM2017040705",1,"B",22.9,32,8.3,20.1,6.2,NA
"671","CKM2017040706",0.2,"B",24.2,20.9,8.3,12.5,7.3,NA
"672","CKM2017040706",1,"B",23.5,30.2,8.2,18.7,7,NA
"673","CKM2017040801",0.2,"B",24.1,2.5,8.2,1.3,11.5,NA
"674","CKM2017040801",1,"B",24,2.6,8,1.3,8.9,NA
"675","CKM2017040801",2,"B",23.9,3,8,1.6,7.9,NA
"676","CKM2017040801",2.5,"B",23.9,3.3,7.5,1.7,7.9,NA
"677","CKM2017040802",0.2,"B",24,2.5,8,1.3,7.9,NA
"678","CKM2017040802",1,"B",24,2.5,7.9,1.2,7.4,NA
"679","CKM2017040802",1.1,"B",24,2.4,7.9,1.2,7.2,NA
"680","CKM2017040803",0.2,"B",24.1,4.1,7.9,2.2,9.8,NA
"681","CKM2017040803",1,"B",24,5.4,7.8,3,7.5,NA
"682","CKM2017040803",1.3,"B",24.3,20.6,7.5,12.3,5.3,NA
"683","CKM2017040804",0.2,"B",24,10.6,7.9,6,7.9,NA
"684","CKM2017040804",0.7,"B",24.2,28.3,7.8,17.9,6.2,NA
"685","CKM2017040805",0.2,"B",23.6,13.2,7.9,7.9,7.6,NA
"686","CKM2017040805",1,"B",24.8,30,7.9,18.4,4.8,NA
"687","CKM2017040806",0.2,"B",24.5,15,7.9,8.7,8.2,NA
"688","CKM2017040806",0.6,"B",24.5,18.9,7.8,11.4,7.1,NA
"689","CKM2017040807",0.2,"B",25.1,26.3,7.8,14.6,6.5,NA
"690","CKM2017040807",0.3,"B",25.2,29.9,7.7,18.6,5.6,NA
"691","CKM2017040808",0.2,"B",24.7,16.1,7.8,9.4,7.6,NA
"692","CKM2017040808",1,"B",23.9,18.5,7.8,11,6.7,NA
"693","CKM2017040809",0.2,"B",24.7,22.7,7.9,13.7,7.8,NA
"694","CKM2017040809",0.8,"B",24.7,22.7,7.8,13.7,7.2,NA
"695","CKM2017040810",0.2,"B",24.6,10.8,8,6.3,8.8,NA
"696","CKM2017040810",0.5,"B",25,18.8,7.8,10.2,7,NA
"697","CKM2017040811",0.2,"B",24.6,9.2,7.9,4.4,7.9,NA
"698","CKM2017040811",0.3,"B",24.7,10.6,7.9,6,7.5,NA
