Number,X,Y,Elev,Transect,Element,Type
3523,1793218.887,301316.246,-2.29,1,8B,GS
3524,1793218.223,301314.787,-1.459,1,8B,ROCK TOP
3525,1793217.643,301313.652,-1.495,1,8B,ROCK TOP
3526,1793217.099,301312.149,-1.49,1,8B,ROCK TOP
3527,1793214.379,301309.543,-1.407,1,8B,ROCK TOP
3528,1793214.095,301306.597,-1.359,1,8B,ROCK TOP
3529,1793211.377,301306.275,-1.765,1,8B,ROCK TOP
3530,1793209.713,301305.325,-1.52,1,8B,ROCK TOP
3531,1793208.814,301303.514,-1.5,1,8B,ROCK TOP
3532,1793207.705,301302.441,-1.48,1,8B,ROCK TOP
3533,1793206.597,301301.496,-1.417,1,8B,ROCK TOP
3534,1793205.181,301300.039,-1.679,1,8B,ROCK TOP
3535,1793203.947,301298.464,-1.538,1,8B,ROCK TOP
3536,1793202.921,301297.408,-1.398,1,8B,ROCK TOP
3537,1793202.117,301296.065,-1.428,1,8B,ROCK TOP
3538,1793201.059,301295.143,-1.526,1,8B,ROCK TOP
3539,1793200.426,301293.895,-1.803,1,8B,ROCK TOP
3540,1793199.484,301292.654,-2.083,1,8B,GS
3541,1793163.074,301325.274,-2.713,2,8B,GS
3542,1793164.103,301326.389,-1.81,2,8B,ROCK TOP
3543,1793165.533,301327.176,-1.637,2,8B,ROCK TOP
3544,1793166.321,301328.796,-1.594,2,8B,ROCK TOP
3545,1793167.787,301330.94,-1.681,2,8B,ROCK TOP
3546,1793169.616,301332.901,-1.61,2,8B,ROCK TOP
3547,1793171.323,301334.724,-1.857,2,8B,ROCK TOP
3548,1793172.562,301336.551,-1.853,2,8B,ROCK TOP
3549,1793173.765,301338.193,-1.837,2,8B,ROCK TOP
3550,1793175.567,301339.716,-1.827,2,8B,ROCK TOP
3551,1793176.906,301341.41,-1.731,2,8B,ROCK TOP
3552,1793178.189,301343.689,-1.81,2,8B,ROCK TOP
3553,1793179.737,301345.5,-1.872,2,8B,ROCK TOP
3554,1793181.14,301347.164,-1.876,2,8B,ROCK TOP
3555,1793182.341,301349.242,-2.692,2,8B,GS
3556,1793149.405,301377.685,-2.806,3,8B,GS
3557,1793148.467,301376.475,-1.818,3,8B,ROCK TOP
3558,1793148.071,301375.194,-1.774,3,8B,ROCK TOP
3559,1793146.453,301372.758,-1.783,3,8B,ROCK TOP
3560,1793144.727,301370.303,-1.513,3,8B,ROCK TOP
3561,1793143.948,301369.545,-1.476,3,8B,ROCK TOP
3562,1793142.541,301366.939,-1.698,3,8B,ROCK TOP
3563,1793141.268,301365.597,-1.46,3,8B,ROCK TOP
3564,1793142.904,301366.753,-1.848,3,8B,ROCK TOP
3565,1793140.287,301363.83,-1.636,3,8B,ROCK TOP
3566,1793139.27,301361.692,-1.606,3,8B,ROCK TOP
3567,1793137.92,301360.336,-1.638,3,8B,ROCK TOP
3568,1793138.017,301358.819,-1.433,3,8B,ROCK TOP
3569,1793136.918,301357.47,-1.734,3,8B,ROCK TOP
3570,1793136.326,301355.434,-1.867,3,8B,ROCK TOP
3571,1793135.347,301354.321,-1.779,3,8B,ROCK TOP
3572,1793134.972,301353.495,-2.841,3,8B,GS
3573,1793120.57,301363.125,-3.009,4,8B,GS
3574,1793120.925,301364.436,-1.93,4,8B,ROCK TOP
3575,1793121.847,301366.38,-1.54,4,8B,ROCK TOP
3576,1793122.44,301368.878,-1.767,4,8B,ROCK TOP
3577,1793123.573,301370.785,-1.815,4,8B,ROCK TOP
3578,1793124.176,301371.823,-1.736,4,8B,ROCK TOP
3579,1793125.353,301373.716,-1.666,4,8B,ROCK TOP
3580,1793126.354,301375.673,-1.655,4,8B,ROCK TOP
3581,1793126.803,301377.872,-1.681,4,8B,ROCK TOP
3582,1793126.797,301380.164,-1.474,4,8B,ROCK TOP
3583,1793128.047,301382.021,-1.812,4,8B,ROCK TOP
3584,1793129.199,301383.883,-1.721,4,8B,ROCK TOP
3585,1793130.192,301385.201,-1.702,4,8B,ROCK TOP
3586,1793131.781,301386.093,-1.823,4,8B,ROCK TOP
3587,1793131.994,301388.027,-1.537,4,8B,ROCK TOP
3588,1793132.77,301389.022,-1.716,4,8B,ROCK TOP
3589,1793132.913,301391.276,-2.805,4,8B,GS
3590,1793080.583,301439.059,-3.189,5,8B,GS
3591,1793079.91,301438.419,-1.938,5,8B,ROCK TOP
3592,1793077.673,301437.294,-1.768,5,8B,ROCK TOP
3593,1793075.653,301434.407,-1.808,5,8B,ROCK TOP
3594,1793073.718,301432.754,-1.901,5,8B,ROCK TOP
3595,1793071.802,301431.009,-1.861,5,8B,ROCK TOP
3596,1793069.936,301428.936,-1.941,5,8B,ROCK TOP
3597,1793068.393,301428.055,-1.878,5,8B,ROCK TOP
3598,1793067.22,301425.588,-1.891,5,8B,ROCK TOP
3599,1793065.396,301423.295,-1.814,5,8B,ROCK TOP
3600,1793064.627,301421.788,-1.874,5,8B,ROCK TOP
3601,1793063.321,301420.111,-1.86,5,8B,ROCK TOP
3602,1793061.533,301418.436,-1.817,5,8B,ROCK TOP
3603,1793060.89,301417.273,-3.119,5,8B,GS
3604,1792991.357,301527.295,-3.054,1,9A,GS
3605,1792992.432,301528.943,-1.64,1,9A,ROCK TOP
3606,1792993.839,301529.758,-1.616,1,9A,ROCK TOP
3607,1792995.927,301530.456,-1.806,1,9A,ROCK TOP
3608,1792999.318,301531.464,-1.619,1,9A,ROCK TOP
3609,1793000.717,301532.56,-1.766,1,9A,ROCK TOP
3610,1793002.807,301533.69,-1.759,1,9A,ROCK TOP
3611,1793004.873,301535.472,-1.89,1,9A,ROCK TOP
3612,1793006.147,301536.719,-1.751,1,9A,ROCK TOP
3613,1793007.998,301538.713,-1.922,1,9A,ROCK TOP
3614,1793009.977,301540.064,-1.887,1,9A,ROCK TOP
3615,1793011.592,301541.291,-1.906,1,9A,ROCK TOP
3616,1793013.319,301541.637,-1.842,1,9A,ROCK TOP
3617,1793015.501,301542.213,-1.864,1,9A,ROCK TOP
3618,1793016.849,301543.576,-1.868,1,9A,ROCK TOP
3619,1793017.784,301544.314,-3.679,1,9A,GS
3620,1793003.51,301569.432,-2.742,2,9A,GS
3621,1793001.32,301567.747,-1.531,2,9A,ROCK TOP
3622,1792999.602,301566.993,-1.449,2,9A,ROCK TOP
3623,1792997.929,301566.575,-1.286,2,9A,ROCK TOP
3624,1792996.442,301564.637,-1.596,2,9A,ROCK TOP
3625,1792995.513,301563.61,-1.491,2,9A,ROCK TOP
3626,1792994.493,301562.823,-1.556,2,9A,ROCK TOP
3627,1792993.313,301561.545,-1.505,2,9A,ROCK TOP
3628,1792991.621,301560.981,-1.586,2,9A,ROCK TOP
3629,1792990.517,301559.912,-1.541,2,9A,ROCK TOP
3630,1792990.082,301558.604,-1.718,2,9A,ROCK TOP
3631,1792988.884,301557.591,-1.779,2,9A,ROCK TOP
3632,1792987.276,301555.752,-1.811,2,9A,ROCK TOP
3633,1792986.13,301554.953,-1.804,2,9A,ROCK TOP
3634,1792984.411,301553.987,-1.595,2,9A,ROCK TOP
3635,1792982.533,301552.427,-1.801,2,9A,ROCK TOP
3636,1792981.263,301550.722,-1.627,2,9A,ROCK TOP
3637,1792978.917,301547.708,-1.552,2,9A,ROCK TOP
3638,1792976.913,301547.023,-1.629,2,9A,ROCK TOP
3639,1792975.441,301546.365,-3.081,2,9A,GS
3640,1792965.033,301569.632,-2.202,3,9A,GS
3641,1792965.985,301570.425,-1.543,3,9A,ROCK TOP
3642,1792967.666,301571.558,-1.723,3,9A,ROCK TOP
3643,1792969.136,301572.358,-1.519,3,9A,ROCK TOP
3644,1792971.716,301573.453,-1.773,3,9A,ROCK TOP
3645,1792973.48,301574.637,-1.665,3,9A,ROCK TOP
3646,1792974.779,301575.843,-1.313,3,9A,ROCK TOP
3647,1792976.374,301576.728,-1.284,3,9A,ROCK TOP
3648,1792977.723,301577.496,-1.33,3,9A,ROCK TOP
3649,1792979.716,301578.898,-1.35,3,9A,ROCK TOP
3650,1792981.309,301580.54,-1.402,3,9A,ROCK TOP
3651,1792983.72,301581.314,-1.621,3,9A,ROCK TOP
3652,1792985.863,301581.666,-1.395,3,9A,ROCK TOP
3653,1792987.141,301582.574,-1.385,3,9A,ROCK TOP
3654,1792988.807,301583.925,-1.343,3,9A,ROCK TOP
3655,1792990.193,301584.509,-1.644,3,9A,ROCK TOP
3656,1792991.786,301584.99,-1.582,3,9A,GS
1263,1792929.481,301625.827,-1.76,1,9B,GS
1264,1792931.064,301627.318,-1.8,1,9B,ROCK TOP
1265,1792932.901,301630.27,-1.342,1,9B,ROCK TOP
1266,1792935.883,301631.963,-1.494,1,9B,ROCK TOP
1267,1792938.236,301632.972,-1.359,1,9B,ROCK TOP
1268,1792941.173,301635.082,-1.39,1,9B,ROCK TOP
1269,1792943.418,301637.966,-1.531,1,9B,ROCK TOP
1270,1792946.643,301639.634,-1.322,1,9B,ROCK TOP
1271,1792949.999,301641.576,-1.407,1,9B,ROCK TOP
1272,1792953.976,301644.222,-1.951,1,9B,GS
1273,1792926.95,301684.638,-1.997,2,9B,GS
1274,1792925.385,301683.579,-1.377,2,9B,ROCK TOP
1275,1792923.614,301682.462,-1.329,2,9B,ROCK TOP
1276,1792921.811,301681.227,-1.43,2,9B,ROCK TOP
1277,1792920.329,301680.422,-1.345,2,9B,ROCK TOP
1278,1792919.449,301677.615,-1.505,2,9B,ROCK TOP
1279,1792917.053,301675.785,-1.386,2,9B,ROCK TOP
1280,1792914.048,301676.527,-1.49,2,9B,ROCK TOP
1281,1792913.059,301674.023,-1.559,2,9B,ROCK TOP
1282,1792912.6,301672.419,-1.688,2,9B,ROCK TOP
1283,1792907.99,301671.171,-1.463,2,9B,ROCK TOP
1284,1792905.923,301669.677,-1.479,2,9B,ROCK TOP
1285,1792904.078,301669.483,-1.537,2,9B,ROCK TOP
1286,1792902.066,301667.744,-1.706,2,9B,ROCK TOP
1287,1792901.084,301666.678,-1.774,2,9B,ROCK TOP
1288,1792900.112,301665.498,-2.147,2,9B,GS
1289,1792884.752,301686.939,-2.299,3,9B,GS
1290,1792885.452,301687.447,-1.499,3,9B,ROCK TOP
1291,1792886.676,301687.477,-1.548,3,9B,ROCK TOP
1292,1792886.744,301689.725,-1.569,3,9B,ROCK TOP
1293,1792887.656,301689.523,-1.774,3,9B,ROCK TOP
1294,1792889.826,301691.918,-1.664,3,9B,ROCK TOP
1295,1792891.188,301693.411,-1.417,3,9B,ROCK TOP
1296,1792893.755,301695.86,-1.699,3,9B,ROCK TOP
1297,1792895.986,301696.565,-1.801,3,9B,ROCK TOP
1298,1792898.218,301699.556,-1.487,3,9B,ROCK TOP
1299,1792899.097,301702.11,-1.332,3,9B,ROCK TOP
1300,1792900.211,301704.335,-1.47,3,9B,ROCK TOP
1301,1792904.337,301706.631,-1.358,3,9B,ROCK TOP
1302,1792901.602,301705.041,-1.602,3,9B,ROCK TOP
1303,1792906.199,301708.614,-1.569,3,9B,ROCK TOP
1304,1792909.397,301711.351,-2.141,3,9B,GS
1305,1792890.224,301738.357,-1.784,4,9B,GS
1306,1792888.103,301736.58,-1.32,4,9B,ROCK TOP
1307,1792886.625,301734.927,-1.486,4,9B,ROCK TOP
1308,1792884.093,301734.984,-1.557,4,9B,ROCK TOP
1309,1792884.177,301732.625,-1.578,4,9B,ROCK TOP
1310,1792881.328,301732.634,-1.788,4,9B,ROCK TOP
1311,1792879.939,301732.228,-1.573,4,9B,ROCK TOP
1312,1792878.721,301731.833,-1.424,4,9B,ROCK TOP
1313,1792877.562,301730.506,-1.528,4,9B,ROCK TOP
1314,1792876.617,301728.376,-1.606,4,9B,ROCK TOP
1315,1792877.017,301726.44,-1.47,4,9B,ROCK TOP
1316,1792874.958,301726.44,-1.591,4,9B,ROCK TOP
1317,1792873.957,301725.744,-1.516,4,9B,ROCK TOP
1318,1792872.928,301724.081,-1.337,4,9B,ROCK TOP
1319,1792871.856,301721.45,-1.521,4,9B,ROCK TOP
1320,1792869.735,301721.87,-1.49,4,9B,ROCK TOP
1321,1792869.762,301720.184,-1.418,4,9B,ROCK TOP
1322,1792869.389,301718.691,-1.39,4,9B,ROCK TOP
1323,1792867.211,301718.297,-1.354,4,9B,ROCK TOP
1324,1792866.013,301719.715,-1.331,4,9B,ROCK TOP
1325,1792863.939,301718.254,-1.956,4,9B,GS
1326,1792846.742,301743.281,-2.046,5,9B,GS
1327,1792847.674,301743.748,-1.554,5,9B,ROCK TOP
1328,1792848.614,301745.672,-1.456,5,9B,ROCK TOP
1329,1792850.279,301746.475,-1.443,5,9B,ROCK TOP
1330,1792851.459,301747.302,-1.368,5,9B,ROCK TOP
1331,1792851.622,301748.446,-1.62,5,9B,ROCK TOP
1332,1792852.968,301748.822,-1.597,5,9B,ROCK TOP
1333,1792853.926,301750.499,-1.52,5,9B,ROCK TOP
1334,1792856.468,301751.421,-1.3,5,9B,ROCK TOP
1335,1792856.799,301753.666,-1.648,5,9B,ROCK TOP
1336,1792858.206,301753.948,-1.715,5,9B,ROCK TOP
1337,1792859.948,301754.705,-1.638,5,9B,ROCK TOP
1338,1792859.987,301756.62,-1.516,5,9B,ROCK TOP
1339,1792860.966,301758.661,-1.233,5,9B,ROCK TOP
1340,1792862.309,301756.666,-1.363,5,9B,ROCK TOP
1341,1792863.358,301759.124,-1.322,5,9B,ROCK TOP
1342,1792865.523,301759.388,-1.404,5,9B,ROCK TOP
1343,1792865.607,301762.028,-1.481,5,9B,ROCK TOP
1344,1792866.7,301763.839,-1.355,5,9B,ROCK TOP
1345,1792868.585,301765.76,-1.353,5,9B,ROCK TOP
1346,1792870.179,301767.665,-1.363,5,9B,ROCK TOP
1347,1792872.47,301770.383,-2.085,5,9B,GS
1348,1792863.239,301774.982,-1.787,6,9B,GS
1349,1792862.196,301773.569,-1.47,6,9B,ROCK TOP
1350,1792861.2,301772.202,-1.228,6,9B,ROCK TOP
1351,1792859.429,301770.648,-1.346,6,9B,ROCK TOP
1352,1792857.141,301769.462,-1.297,6,9B,ROCK TOP
1353,1792855.113,301767.681,-1.457,6,9B,ROCK TOP
1354,1792853.665,301767.356,-1.553,6,9B,ROCK TOP
1355,1792852.129,301765.891,-1.366,6,9B,ROCK TOP
1356,1792850.127,301764.548,-1.407,6,9B,ROCK TOP
1357,1792848.462,301763.104,-1.432,6,9B,ROCK TOP
1358,1792847.523,301760.486,-1.522,6,9B,ROCK TOP
1359,1792845.714,301759.71,-1.45,6,9B,ROCK TOP
1360,1792843.666,301757.794,-1.532,6,9B,ROCK TOP
1361,1792842.723,301756.241,-1.533,6,9B,ROCK TOP
1362,1792841.108,301754.644,-1.42,6,9B,ROCK TOP
1363,1792839.589,301753.789,-1.898,6,9B,GS
1364,1792834.934,301759.486,-2.183,7,9B,GS
1365,1792837.017,301761.276,-1.41,7,9B,ROCK TOP
1366,1792836.92,301763.028,-1.313,7,9B,ROCK TOP
1367,1792839.135,301764.381,-1.49,7,9B,ROCK TOP
1368,1792840.891,301766.36,-1.405,7,9B,ROCK TOP
1369,1792841.962,301767.329,-1.447,7,9B,ROCK TOP
1370,1792844.183,301768.839,-1.516,7,9B,ROCK TOP
1371,1792842.851,301769.402,-1.195,7,9B,ROCK TOP
1372,1792845.525,301770.074,-1.391,7,9B,ROCK TOP
1373,1792846.815,301771.468,-1.386,7,9B,ROCK TOP
1374,1792849.152,301773.63,-1.341,7,9B,ROCK TOP
1375,1792850.521,301774.572,-1.392,7,9B,ROCK TOP
1376,1792851.641,301776.363,-1.405,7,9B,ROCK TOP
1377,1792852.534,301777.857,-1.258,7,9B,ROCK TOP
1378,1792854.533,301778.601,-1.287,7,9B,ROCK TOP
1379,1792856.084,301780.473,-1.342,7,9B,ROCK TOP
1380,1792858.554,301782.1,-1.724,7,9B,GS
1381,1792849.874,301788.521,-2.01,8,9B,GS
1382,1792849.012,301786.728,-1.551,8,9B,ROCK TOP
1383,1792847.179,301786.151,-1.428,8,9B,ROCK TOP
1384,1792845.689,301785.214,-1.363,8,9B,ROCK TOP
1385,1792844.039,301784.042,-1.573,8,9B,ROCK TOP
1386,1792841.527,301782.515,-1.448,8,9B,ROCK TOP
1387,1792839.72,301780.68,-1.263,8,9B,ROCK TOP
1388,1792837.98,301779.596,-1.411,8,9B,ROCK TOP
1389,1792836.609,301778.378,-1.518,8,9B,ROCK TOP
1390,1792834.367,301776.895,-1.449,8,9B,ROCK TOP
1391,1792833.26,301775.758,-1.531,8,9B,ROCK TOP
1392,1792831.673,301774.323,-1.541,8,9B,ROCK TOP
1393,1792830.364,301773.447,-1.516,8,9B,ROCK TOP
1394,1792829.219,301772.945,-1.662,8,9B,ROCK TOP
1395,1792828.32,301771.359,-1.648,8,9B,ROCK TOP
1396,1792825.772,301770.989,-1.926,8,9B,GS
1397,1792780.907,301811.271,-1.751,9,9B,GS
1398,1792781.962,301812.518,-1.454,9,9B,ROCK TOP
1399,1792783.428,301814.569,-1.32,9,9B,ROCK TOP
1400,1792784.995,301816.521,-1.439,9,9B,ROCK TOP
1401,1792786.105,301818.48,-1.387,9,9B,ROCK TOP
1402,1792787.393,301819.963,-1.423,9,9B,ROCK TOP
1403,1792788.834,301821.49,-1.634,9,9B,ROCK TOP
1404,1792790.298,301822.753,-1.598,9,9B,ROCK TOP
1405,1792791.527,301824.372,-1.305,9,9B,ROCK TOP
1406,1792793.615,301826.155,-1.284,9,9B,ROCK TOP
1407,1792795.434,301827.292,-1.145,9,9B,ROCK TOP
1408,1792796.241,301829.549,-1.142,9,9B,ROCK TOP
1409,1792797.098,301830.759,-1.361,9,9B,ROCK TOP
1410,1792798.7,301831.139,-1.285,9,9B,ROCK TOP
1411,1792800.128,301832.556,-1.257,9,9B,ROCK TOP
1412,1792800.65,301834.982,-1.416,9,9B,ROCK TOP
1413,1792803.173,301836.873,-1.374,9,9B,ROCK TOP
1414,1792804.968,301839.383,-2.221,9,9B,GS
1416,1792772.206,301862.4,-2.305,10,9B,GS
1417,1792770.789,301859.581,-1.434,10,9B,ROCK TOP
1418,1792770.295,301857.824,-1.552,10,9B,ROCK TOP
1419,1792768.252,301857.558,-1.383,10,9B,ROCK TOP
1420,1792767.371,301854.902,-1.595,10,9B,ROCK TOP
1421,1792765.729,301852.979,-1.398,10,9B,ROCK TOP
1422,1792764.787,301851.814,-1.581,10,9B,ROCK TOP
1423,1792763.172,301849.667,-1.471,10,9B,ROCK TOP
1424,1792761.906,301847.907,-1.36,10,9B,ROCK TOP
1425,1792760.225,301846.553,-1.513,10,9B,ROCK TOP
1426,1792759.39,301844.993,-1.367,10,9B,ROCK TOP
1427,1792757.663,301843.903,-1.388,10,9B,ROCK TOP
1428,1792756.887,301841.369,-1.453,10,9B,ROCK TOP
1429,1792755.469,301839.662,-1.259,10,9B,ROCK TOP
1430,1792754.609,301837.558,-1.999,10,9B,GS
1431,1792733.315,301849.056,-1.879,11,9B,GS
1432,1792734.641,301849.162,-1.506,11,9B,ROCK TOP
1433,1792735.449,301851.004,-1.45,11,9B,ROCK TOP
1434,1792736.649,301851.543,-1.347,11,9B,ROCK TOP
1435,1792738.446,301853.31,-1.408,11,9B,ROCK TOP
1436,1792739.462,301854.698,-1.408,11,9B,ROCK TOP
1437,1792741.36,301855.161,-1.387,11,9B,ROCK TOP
1438,1792743.222,301856.577,-1.575,11,9B,ROCK TOP
1439,1792744.846,301857.696,-1.613,11,9B,ROCK TOP
1440,1792746.807,301859.233,-1.468,11,9B,ROCK TOP
1441,1792748.569,301861.349,-1.535,11,9B,ROCK TOP
1442,1792749.671,301862.925,-1.646,11,9B,ROCK TOP
1443,1792750.223,301865.293,-1.524,11,9B,ROCK TOP
1444,1792751.772,301865.898,-1.37,11,9B,ROCK TOP
1445,1792753.391,301867.894,-1.345,11,9B,ROCK TOP
1446,1792754.184,301869.24,-1.539,11,9B,ROCK TOP
1447,1792757.275,301869.198,-1.365,11,9B,ROCK TOP
1448,1792759.174,301870.963,-2.233,11,9B,GS
1449,1792731.104,301885.156,-2.038,12,9B,GS
1450,1792729.785,301883.696,-1.281,12,9B,ROCK TOP
1451,1792727.526,301881.084,-1.308,12,9B,ROCK TOP
1452,1792726.514,301879.17,-1.295,12,9B,ROCK TOP
1453,1792724.873,301877.873,-1.361,12,9B,ROCK TOP
1454,1792723.77,301875.055,-1.431,12,9B,ROCK TOP
1455,1792721.762,301874.335,-1.411,12,9B,ROCK TOP
1456,1792720.46,301872.926,-1.576,12,9B,ROCK TOP
1457,1792719.651,301871.632,-1.369,12,9B,ROCK TOP
1458,1792718.503,301869.865,-1.497,12,9B,ROCK TOP
1459,1792716.751,301869.444,-1.566,12,9B,ROCK TOP
1460,1792715.797,301866.763,-1.292,12,9B,ROCK TOP
1461,1792714.137,301865.294,-1.285,12,9B,ROCK TOP
1462,1792713.662,301863.606,-1.29,12,9B,ROCK TOP
1463,1792711.759,301863.157,-1.291,12,9B,ROCK TOP
1464,1792711.336,301861.748,-1.586,12,9B,ROCK TOP
1465,1792707.7,301862.941,-1.246,12,9B,ROCK TOP
1466,1792705.028,301861.987,-1.914,12,9B,GS
1467,1792676.663,301877.432,-1.874,13,9B,GS
1468,1792678.121,301879.155,-1.495,13,9B,ROCK TOP
1469,1792680.167,301881.69,-1.543,13,9B,ROCK TOP
1470,1792682.395,301884.811,-1.348,13,9B,ROCK TOP
1471,1792683.279,301886.438,-1.228,13,9B,ROCK TOP
1472,1792684.342,301888.323,-1.298,13,9B,ROCK TOP
1473,1792684.674,301889.525,-1.328,13,9B,ROCK TOP
1474,1792685.646,301890.473,-1.289,13,9B,ROCK TOP
1475,1792686.594,301892.06,-1.349,13,9B,ROCK TOP
1476,1792687.141,301893.997,-1.27,13,9B,ROCK TOP
1477,1792688.002,301895.944,-1.296,13,9B,ROCK TOP
1478,1792688.849,301897.405,-1.329,13,9B,ROCK TOP
1479,1792690.364,301899.739,-1.386,13,9B,ROCK TOP
1480,1792691.522,301901.807,-1.492,13,9B,ROCK TOP
1481,1792692.892,301903.337,-1.429,13,9B,ROCK TOP
1482,1792693.441,301905.237,-1.467,13,9B,ROCK TOP
1483,1792694.722,301906.812,-1.284,13,9B,ROCK TOP
1484,1792696.355,301908.725,-1.827,13,9B,GS
1485,1792701.96,301904.682,-1.866,13,9B,GS
1486,1792699.487,301902.245,-1.739,13,9B,GS
1487,1792698.123,301901.322,-1.44,13,9B,ROCK TOP
1488,1792696.153,301899.994,-1.406,13,9B,ROCK TOP
1489,1792694.267,301898.394,-1.51,13,9B,ROCK TOP
1490,1792668.54,301919.452,-1.957,14,9B,GS
1491,1792668.063,301916.93,-1.456,14,9B,ROCK TOP
1492,1792666.102,301916.229,-1.475,14,9B,ROCK TOP
1493,1792665.665,301914.005,-1.283,14,9B,ROCK TOP
1494,1792663.616,301911.921,-1.345,14,9B,ROCK TOP
1495,1792661.819,301910.042,-1.395,14,9B,ROCK TOP
1496,1792659.749,301909.051,-1.29,14,9B,ROCK TOP
1497,1792658.869,301906.441,-1.242,14,9B,ROCK TOP
1498,1792658.076,301904.502,-1.359,14,9B,ROCK TOP
1499,1792656.381,301902.654,-1.392,14,9B,ROCK TOP
1500,1792654.372,301901.166,-1.337,14,9B,ROCK TOP
1501,1792652.274,301898.479,-1.494,14,9B,ROCK TOP
1502,1792650.37,301895.27,-2.055,14,9B,GS
1503,1792642.969,301900.875,-2.033,15,9B,GS
1504,1792643.542,301901.833,-1.192,15,9B,ROCK TOP
1505,1792643.957,301903.201,-1.444,15,9B,ROCK TOP
1506,1792643.792,301905.41,-1.379,15,9B,ROCK TOP
1507,1792645.926,301905.204,-1.346,15,9B,ROCK TOP
1508,1792646.826,301906.713,-1.385,15,9B,ROCK TOP
1509,1792647.143,301908.351,-1.333,15,9B,ROCK TOP
1510,1792648.746,301910.401,-1.327,15,9B,ROCK TOP
1511,1792650.286,301912.906,-1.223,15,9B,ROCK TOP
1512,1792651.857,301915.01,-1.283,15,9B,ROCK TOP
1513,1792653.229,301917.215,-1.409,15,9B,ROCK TOP
1514,1792655.264,301918.636,-1.361,15,9B,ROCK TOP
1515,1792656.862,301919.892,-1.38,15,9B,ROCK TOP
1516,1792657.58,301922.073,-1.396,15,9B,ROCK TOP
1517,1792658.929,301924.61,-1.561,15,9B,ROCK TOP
1518,1792660.438,301926.924,-2.106,15,9B,GS
1519,1792653.232,301935.513,-1.973,16,9B,GS
1520,1792652.315,301933.623,-1.316,16,9B,ROCK TOP
1521,1792650.572,301931.587,-1.288,16,9B,ROCK TOP
1522,1792649.546,301929.847,-1.257,16,9B,ROCK TOP
1523,1792647.999,301929.01,-1.287,16,9B,ROCK TOP
1524,1792646.53,301926.73,-1.195,16,9B,ROCK TOP
1525,1792644.84,301923.725,-1.393,16,9B,ROCK TOP
1526,1792645.146,301921.421,-1.39,16,9B,ROCK TOP
1527,1792644.119,301919.874,-1.4,16,9B,ROCK TOP
1528,1792644.426,301918.288,-1.474,16,9B,ROCK TOP
1529,1792643.621,301916.737,-1.341,16,9B,ROCK TOP
1530,1792643.91,301914.343,-1.285,16,9B,ROCK TOP
1531,1792643.502,301912.235,-1.249,16,9B,ROCK TOP
1532,1792641.954,301909.515,-1.354,16,9B,ROCK TOP
1533,1792640.183,301907.442,-1.541,16,9B,ROCK TOP
1534,1792639.475,301904.28,-1.69,16,9B,ROCK TOP
1535,1792639.392,301901.635,-1.582,16,9B,ROCK TOP
1536,1792638.555,301897.763,-2.045,16,9B,GS
1537,1792626.11,301918.191,-1.882,17,9B,GS
1538,1792626.987,301919.455,-1.25,17,9B,ROCK TOP
1539,1792629.51,301921.816,-1.251,17,9B,ROCK TOP
1540,1792630.667,301923.087,-1.289,17,9B,ROCK TOP
1541,1792632.735,301925.468,-1.333,17,9B,ROCK TOP
1542,1792635.698,301927.104,-1.279,17,9B,ROCK TOP
1543,1792637.618,301928.85,-1.292,17,9B,ROCK TOP
1544,1792639.642,301930.645,-1.456,17,9B,ROCK TOP
1545,1792606.503,301936.542,-2.359,18,9B,GS
1546,1792608.334,301938.436,-1.691,18,9B,ROCK TOP
1547,1792609.922,301941.411,-1.643,18,9B,ROCK TOP
1548,1792611.783,301942.768,-1.695,18,9B,ROCK TOP
1549,1792613.288,301943.876,-1.824,18,9B,ROCK TOP
1550,1792614.92,301945.343,-1.722,18,9B,ROCK TOP
1551,1792617.07,301947.617,-1.604,18,9B,ROCK TOP
1552,1792618.588,301949.463,-1.535,18,9B,ROCK TOP
1553,1792620.2,301951.233,-1.325,18,9B,ROCK TOP
1554,1792621.64,301952.881,-1.561,18,9B,ROCK TOP
1555,1792622.641,301955.152,-1.317,18,9B,ROCK TOP
1556,1792625.082,301956.947,-1.48,18,9B,ROCK TOP
1557,1792629.032,301957.356,-2.246,18,9B,GS
3657,1792582.651,301967.806,-2.398,19,9B,GS
3658,1792584.721,301969.114,-1.797,19,9B,ROCK TOP
3659,1792586.417,301970.193,-1.543,19,9B,ROCK TOP
3660,1792587.646,301971.992,-1.472,19,9B,ROCK TOP
3661,1792588.81,301973.266,-1.468,19,9B,ROCK TOP
3662,1792590.606,301974.547,-1.682,19,9B,ROCK TOP
3663,1792592.013,301975.256,-1.737,19,9B,ROCK TOP
3664,1792594.083,301976.606,-1.435,19,9B,ROCK TOP
3665,1792595.663,301977.787,-1.615,19,9B,ROCK TOP
3666,1792597.23,301980.524,-1.712,19,9B,ROCK TOP
3667,1792599.688,301982.838,-1.754,19,9B,ROCK TOP
3668,1792601.64,301984.291,-1.807,19,9B,ROCK TOP
3669,1792603.658,301986.518,-1.654,19,9B,ROCK TOP
3670,1792607.264,301989.921,-2.641,19,9B,GS
3671,1792564.212,302039.673,-2.425,20,9B,GS
3672,1792563.666,302038.85,-1.722,20,9B,ROCK TOP
3673,1792562.124,302037.885,-1.829,20,9B,ROCK TOP
3674,1792560.815,302036.516,-1.725,20,9B,ROCK TOP
3675,1792559.813,302034.832,-1.67,20,9B,ROCK TOP
3676,1792558.372,302032.909,-1.57,20,9B,ROCK TOP
3677,1792556.727,302031.685,-1.579,20,9B,ROCK TOP
3678,1792556.191,302030.084,-1.577,20,9B,ROCK TOP
3679,1792553.019,302029.085,-1.52,20,9B,ROCK TOP
3680,1792551.547,302027.083,-1.591,20,9B,ROCK TOP
3681,1792549.701,302025.469,-1.323,20,9B,ROCK TOP
3682,1792548.696,302023.717,-1.59,20,9B,ROCK TOP
3683,1792548.055,302021.708,-1.574,20,9B,ROCK TOP
3684,1792547.294,302020.02,-1.578,20,9B,ROCK TOP
3685,1792546.381,302018.879,-1.656,20,9B,ROCK TOP
3686,1792545.896,302017.278,-1.534,20,9B,ROCK TOP
3687,1792544.683,302016.857,-1.491,20,9B,ROCK TOP
3688,1792543.86,302015.402,-2.222,20,9B,GS
3689,1792529.853,302033.855,-2.394,21,9B,GS
3690,1792530.551,302034.904,-1.68,21,9B,ROCK TOP
3691,1792531.478,302035.881,-1.51,21,9B,ROCK TOP
3692,1792532.948,302037.747,-1.501,21,9B,ROCK TOP
3693,1792534.2,302039.439,-1.601,21,9B,ROCK TOP
3694,1792536.218,302040.919,-1.594,21,9B,ROCK TOP
3695,1792538.003,302042.521,-1.717,21,9B,ROCK TOP
3696,1792539.325,302043.904,-1.633,21,9B,ROCK TOP
3697,1792540.877,302045.59,-1.633,21,9B,ROCK TOP
3698,1792541.707,302046.843,-1.684,21,9B,ROCK TOP
3699,1792542.885,302048.502,-1.561,21,9B,ROCK TOP
3700,1792543.872,302049.601,-1.459,21,9B,ROCK TOP
3701,1792545.594,302051.952,-1.476,21,9B,ROCK TOP
3702,1792547.297,302053.385,-1.536,21,9B,ROCK TOP
3703,1792548.778,302054.278,-1.755,21,9B,ROCK TOP
3704,1792550.183,302055.552,-1.804,21,9B,ROCK TOP
3705,1792551.211,302057.307,-2.417,21,9B,GS
3706,1792529.627,302080.419,-2.749,22,9B,GS
3707,1792528.507,302079.301,-1.839,22,9B,ROCK TOP
3708,1792527.284,302077.928,-1.661,22,9B,ROCK TOP
3709,1792526.006,302076.983,-1.528,22,9B,ROCK TOP
3710,1792524.183,302075.477,-1.688,22,9B,ROCK TOP
3711,1792522.325,302073.764,-1.914,22,9B,ROCK TOP
3712,1792521.15,302072.188,-1.743,22,9B,ROCK TOP
3713,1792519.262,302071.051,-1.571,22,9B,ROCK TOP
3714,1792517.505,302069.316,-1.367,22,9B,ROCK TOP
3715,1792515.115,302067.483,-1.593,22,9B,ROCK TOP
3716,1792513.128,302065.544,-1.501,22,9B,ROCK TOP
3717,1792512.253,302063.044,-1.588,22,9B,ROCK TOP
3718,1792510.93,302062.375,-1.73,22,9B,ROCK TOP
3719,1792509.281,302060.655,-1.655,22,9B,ROCK TOP
3720,1792507.767,302058.586,-1.565,22,9B,ROCK TOP
3721,1792505.749,302057.749,-1.607,22,9B,ROCK TOP
3722,1792503.74,302056.479,-2.613,22,9B,GS
3723,1792476.872,302099.998,-3.144,23,9B,GS
3724,1792477.738,302100.226,-1.946,23,9B,ROCK TOP
3725,1792479.357,302101.708,-1.881,23,9B,ROCK TOP
3726,1792481.157,302103.393,-1.855,23,9B,ROCK TOP
3727,1792482.786,302104.805,-1.724,23,9B,ROCK TOP
3728,1792484.575,302105.671,-1.977,23,9B,ROCK TOP
3729,1792487.385,302107.766,-1.814,23,9B,ROCK TOP
3730,1792489.368,302109.362,-1.911,23,9B,ROCK TOP
3731,1792492.001,302110.245,-1.995,23,9B,ROCK TOP
3732,1792494.884,302113.164,-1.931,23,9B,ROCK TOP
3733,1792496.474,302115.042,-1.97,23,9B,ROCK TOP
3734,1792498.12,302116.68,-1.996,23,9B,ROCK TOP
3735,1792499.279,302118.469,-1.909,23,9B,ROCK TOP
3736,1792501.395,302119.011,-4.148,23,9B,GS
3737,1792385.266,302289.226,-3.297,1,10A,GS
3738,1792386.119,302289.789,-1.804,1,10A,ROCK TOP
3739,1792388.764,302291.018,-1.714,1,10A,ROCK TOP
3740,1792390.623,302291.736,-1.662,1,10A,ROCK TOP
3741,1792392.831,302292.839,-1.807,1,10A,ROCK TOP
3742,1792394.829,302293.719,-1.768,1,10A,ROCK TOP
3743,1792397.389,302294.18,-1.763,1,10A,ROCK TOP
3744,1792398.898,302295.104,-1.768,1,10A,ROCK TOP
3745,1792400.462,302295.709,-1.702,1,10A,ROCK TOP
3746,1792403.072,302297.045,-1.706,1,10A,ROCK TOP
3747,1792404.741,302298.399,-1.836,1,10A,ROCK TOP
3748,1792406.328,302299.75,-1.831,1,10A,ROCK TOP
3749,1792408.01,302301.263,-1.726,1,10A,ROCK TOP
3750,1792409.06,302302.903,-1.896,1,10A,ROCK TOP
3751,1792409.644,302304.519,-3.484,1,10A,GS
3752,1792367.032,302378.354,-2.94,2,10A,GS
3753,1792365.989,302376.451,-1.583,2,10A,ROCK TOP 
3754,1792364.051,302375.97,-1.637,2,10A,ROCK TOP
3755,1792362.455,302374.748,-1.806,2,10A,ROCK TOP
3756,1792359.56,302373.994,-1.566,2,10A,ROCK TOP
3757,1792357.77,302372.055,-1.479,2,10A,ROCK TOP
3758,1792355.824,302370.406,-1.761,2,10A,ROCK TOP
3759,1792353.098,302369.943,-1.568,2,10A,ROCK TOP
3760,1792351.353,302368.916,-1.613,2,10A,ROCK TOP
3761,1792349.476,302367.956,-1.543,2,10A,ROCK TOP
3762,1792347.553,302365.453,-1.804,2,10A,ROCK TOP
3763,1792345.602,302364.109,-1.688,2,10A,ROCK TOP
3764,1792344.08,302362.705,-1.609,2,10A,ROCK TOP
3765,1792342.534,302361.424,-1.612,2,10A,ROCK TOP
3766,1792341.433,302360.215,-2.73,2,10A,GS
3767,1792319.118,302401.761,-2.488,3,10A,GS
3768,1792319.921,302402.677,-1.544,3,10A,ROCK TOP
3769,1792321.703,302403.061,-1.49,3,10A,ROCK TOP
3770,1792323.49,302403.471,-1.531,3,10A,ROCK TOP
3771,1792324.351,302404.747,-1.464,3,10A,ROCK TOP
3772,1792326.109,302406.133,-1.3,3,10A,ROCK TOP
3773,1792327.701,302407.696,-1.421,3,10A,ROCK TOP
3774,1792329.79,302409.128,-1.439,3,10A,ROCK TOP
3775,1792331.834,302411.779,-1.306,3,10A,ROCK TOP
3776,1792333.17,302413.46,-1.51,3,10A,ROCK TOP
3777,1792334.179,302414.286,-1.658,3,10A,ROCK TOP
3778,1792335.03,302415.767,-1.556,3,10A,ROCK TOP
3779,1792337.274,302416.252,-1.491,3,10A,ROCK TOP
3780,1792339.342,302416.652,-1.615,3,10A,ROCK TOP
3781,1792341.318,302418.39,-1.639,3,10A,ROCK TOP
3782,1792344.285,302421.125,-2.546,3,10A,GS
3783,1792317.329,302456.5,-2.285,4,10A,GS
3784,1792316.776,302455,-1.523,4,10A,ROCK TOP
3785,1792315.06,302453.381,-1.454,4,10A,ROCK TOP
3786,1792313.644,302452.888,-1.686,4,10A,ROCK TOP
3787,1792311.432,302451.452,-1.569,4,10A,ROCK TOP
3788,1792309.207,302450.077,-1.449,4,10A,ROCK TOP
3789,1792307.24,302448.588,-1.538,4,10A,ROCK TOP
3790,1792305.25,302447.095,-1.712,4,10A,ROCK TOP
3791,1792302.581,302445.129,-1.695,4,10A,ROCK TOP
3792,1792301.179,302443.614,-1.644,4,10A,ROCK TOP
3793,1792299.87,302440.933,-1.705,4,10A,ROCK TOP
3794,1792298.457,302440.581,-1.546,4,10A,ROCK TOP
3795,1792297.545,302438.272,-1.737,4,10A,ROCK TOP
3796,1792295.833,302438.11,-1.646,4,10A,ROCK TOP
3797,1792294.722,302436.311,-2.453,4,10A,GS
3798,1792284.167,302448.573,-2.276,5,10A,GS
3799,1792285.072,302450.066,-1.506,5,10A,ROCK TOP
3800,1792286.192,302451.62,-1.703,5,10A,ROCK TOP
3801,1792288.297,302452.784,-1.609,5,10A,ROCK TOP
3802,1792290.347,302454.388,-1.565,5,10A,ROCK TOP
3803,1792291.208,302456.357,-1.647,5,10A,ROCK TOP
3804,1792293.655,302458.68,-1.564,5,10A,ROCK TOP
3805,1792294.285,302460.531,-1.453,5,10A,ROCK TOP
3806,1792295.734,302461.4,-1.423,5,10A,ROCK TOP
3807,1792298.273,302461.708,-1.39,5,10A,ROCK TOP
3808,1792299.442,302464.501,-1.371,5,10A,ROCK TOP
3809,1792302.003,302465.573,-1.418,5,10A,ROCK TOP
3810,1792302.605,302467.566,-1.556,5,10A,ROCK TOP
3811,1792303.826,302469.111,-1.326,5,10A,ROCK TOP
3812,1792305.333,302469.624,-1.525,5,10A,ROCK TOP
3813,1792306.798,302471.315,-1.589,5,10A,ROCK TOP
3814,1792309.674,302473.766,-2.231,5,10A,GS
3815,1792270.769,302507.24,-1.688,6,10A,GS
3816,1792269.443,302506.094,-1.499,6,10A,ROCK TOP
3817,1792268.218,302504.902,-1.433,6,10A,ROCK TOP
3818,1792266.8,302503.156,-1.37,6,10A,ROCK TOP
3819,1792264.741,302501.494,-1.418,6,10A,ROCK TOP
3820,1792263.772,302500.367,-1.55,6,10A,ROCK TOP
3821,1792262.645,302498.495,-1.588,6,10A,ROCK TOP
3822,1792260.921,302497.653,-1.493,6,10A,ROCK TOP
3823,1792259.127,302495.477,-1.544,6,10A,ROCK TOP
3824,1792256.948,302494.56,-1.42,6,10A,ROCK TOP
3825,1792256.227,302492.87,-1.501,6,10A,ROCK TOP
3826,1792252.367,302493.101,-1.525,6,10A,ROCK TOP
3827,1792251.019,302492.201,-1.39,6,10A,ROCK TOP
3828,1792250.057,302490.848,-1.577,6,10A,ROCK TOP
3829,1792249.167,302486.931,-2.003,6,10A,GS
3830,1792236.738,302502.904,-2.009,7,10A,GS
3831,1792237.192,302503.366,-1.276,7,10A,ROCK TOP
3832,1792238.522,302504.713,-1.412,7,10A,ROCK TOP
3833,1792240.145,302505.528,-1.296,7,10A,ROCK TOP
3834,1792240.962,302507.346,-1.549,7,10A,ROCK TOP
3835,1792242.127,302508.262,-1.409,7,10A,ROCK TOP
3836,1792243.563,302509.631,-1.463,7,10A,ROCK TOP
3837,1792245.134,302511.732,-1.368,7,10A,ROCK TOP
3838,1792246.43,302512.667,-1.347,7,10A,ROCK TOP
3839,1792247.508,302513.943,-1.372,7,10A,ROCK TOP
3840,1792249.361,302515.153,-1.627,7,10A,ROCK TOP
3841,1792251.274,302516.425,-1.47,7,10A,ROCK TOP
3842,1792253.171,302517.5,-1.614,7,10A,ROCK TOP
3843,1792254.635,302518.998,-1.549,7,10A,ROCK TOP
3844,1792256.455,302519.843,-1.431,7,10A,ROCK TOP
3845,1792258.949,302522.015,-1.726,7,10A,GS
3846,1792232.609,302549.631,-1.704,8,10A,GS
3847,1792230.955,302547.701,-1.44,8,10A,ROCK TOP 
3848,1792229.645,302545.774,-1.648,8,10A,ROCK TOP
3849,1792227.759,302544.211,-1.422,8,10A,ROCK TOP
3850,1792226.344,302542.421,-1.475,8,10A,ROCK TOP
3851,1792224.824,302540.015,-1.287,8,10A,ROCK TOP
3852,1792223.39,302538.909,-1.427,8,10A,ROCK TOP
3853,1792221.989,302536.88,-1.432,8,10A,ROCK TOP
3854,1792220.119,302534.685,-1.44,8,10A,ROCK TOP
3855,1792218.691,302533.639,-1.564,8,10A,ROCK TOP
3856,1792216.67,302531.551,-1.665,8,10A,ROCK TOP
3857,1792215.764,302529.162,-1.373,8,10A,ROCK TOP
3858,1792214.254,302527.89,-1.399,8,10A,ROCK TOP
3859,1792212.02,302526.831,-1.879,8,10A,GS
3860,1792192.249,302549.599,-1.592,9,10A,GS
3861,1792192.828,302550.928,-1.292,9,10A,ROCK TOP
3862,1792193,302552.994,-1.324,9,10A,ROCK TOP
3863,1792195.514,302553.769,-1.264,9,10A,ROCK TOP
3864,1792196.933,302556.235,-1.224,9,10A,ROCK TOP
3865,1792197.532,302558.622,-1.428,9,10A,ROCK TOP
3866,1792198.484,302560.23,-1.319,9,10A,ROCK TOP
3867,1792200.087,302562.035,-1.387,9,10A,ROCK TOP
3868,1792201.483,302565.127,-1.414,9,10A,ROCK TOP
3869,1792203.008,302566.57,-1.347,9,10A,ROCK TOP
3870,1792204.239,302569.074,-1.281,9,10A,ROCK TOP
3871,1792205.318,302571.149,-1.38,9,10A,ROCK TOP
3872,1792206.468,302572.264,-1.381,9,10A,ROCK TOP
3873,1792207.778,302574.069,-1.233,9,10A,ROCK TOP
3874,1792208.713,302576.01,-2.33,9,10A,GS
3875,1792188.66,302582.609,-1.816,10,10A,GS
3876,1792188.331,302581.398,-1.364,10,10A,ROCK TOP
3877,1792187.137,302579.6,-1.391,10,10A,ROCK TOP
3878,1792185.862,302577.255,-1.233,10,10A,ROCK TOP
3879,1792185.003,302574.993,-1.411,10,10A,ROCK TOP
3880,1792183.091,302572.524,-1.535,10,10A,ROCK TOP
3881,1792181.815,302569.599,-1.454,10,10A,ROCK TOP
3882,1792180.238,302567.422,-1.326,10,10A,ROCK TOP
3883,1792178.329,302565.568,-1.508,10,10A,ROCK TOP
3884,1792177.116,302563.456,-1.474,10,10A,ROCK TOP
3885,1792175.406,302561.417,-1.232,10,10A,ROCK TOP
3886,1792174.392,302559.295,-1.38,10,10A,ROCK TOP
3887,1792173.212,302556.77,-1.266,10,10A,ROCK TOP
3888,1792171.561,302553.51,-1.399,10,10A,GS
3889,1792111.145,302576.035,-1.998,11,10A,GS
3890,1792111.79,302577.559,-1.372,11,10A,ROCK TOP
3891,1792111.741,302579.704,-1.396,11,10A,ROCK TOP
3892,1792113.429,302581.723,-1.72,11,10A,ROCK TOP
3893,1792114.795,302584.036,-1.356,11,10A,ROCK TOP
3894,1792117.304,302585.134,-1.316,11,10A,ROCK TOP
3895,1792117.211,302586.847,-1.471,11,10A,ROCK TOP
3896,1792118.236,302588.878,-1.514,11,10A,ROCK TOP
3897,1792120.631,302590.356,-1.321,11,10A,ROCK TOP
3898,1792122.16,302592.143,-1.28,11,10A,ROCK TOP
3899,1792123.503,302593.646,-1.407,11,10A,ROCK TOP
3900,1792125.792,302595.629,-1.276,11,10A,ROCK TOP
3901,1792125.406,302598.254,-1.505,11,10A,ROCK TOP
3902,1792127.713,302599.566,-1.311,11,10A,ROCK TOP
3903,1792129.643,302602.3,-1.482,11,10A,ROCK TOP
3904,1792130.377,302603.845,-1.41,11,10A,ROCK TOP
3905,1792131.184,302606.561,-1.855,11,10A,GS
3906,1792101.328,302611.075,-2.405,12,10A,GS
3907,1792100.809,302610.272,-1.485,12,10A,ROCK TOP
3908,1792100.669,302608.169,-1.532,12,10A,ROCK TOP
3909,1792099.703,302606.163,-1.428,12,10A,ROCK TOP
3910,1792098.223,302604.79,-1.31,12,10A,ROCK TOP
3911,1792097.195,302602.307,-1.593,12,10A,ROCK TOP
3912,1792097.575,302600.756,-1.646,12,10A,ROCK TOP
3913,1792096.345,302598.617,-1.556,12,10A,ROCK TOP
3914,1792096.284,302596.792,-1.6,12,10A,ROCK TOP
3915,1792094.916,302594.167,-1.294,12,10A,ROCK TOP
3916,1792094.303,302591.622,-1.355,12,10A,ROCK TOP
3917,1792093.877,302589.004,-1.406,12,10A,ROCK TOP
3918,1792093.764,302586.587,-1.387,12,10A,ROCK TOP
3919,1792093.691,302584.406,-1.544,12,10A,ROCK TOP
3920,1792091.521,302582.799,-2.176,12,10A,GS
3921,1792062.36,302599.378,-1.996,13,10A,GS
3922,1792062.857,302600.871,-1.344,13,10A,ROCK TOP
3923,1792064.134,302603.745,-1.799,13,10A,ROCK TOP
3924,1792065.654,302606.038,-1.353,13,10A,ROCK TOP
3925,1792065.737,302609.118,-1.653,13,10A,ROCK TOP
3926,1792066.872,302610.449,-1.425,13,10A,ROCK TOP
3927,1792068.022,302613.387,-1.44,13,10A,ROCK TOP
3928,1792068.996,302614.177,-1.228,13,10A,ROCK TOP
3929,1792070.028,302616.802,-1.412,13,10A,ROCK TOP
3930,1792071.918,302617.609,-1.437,13,10A,ROCK TOP
3931,1792073.618,302619.3,-1.508,13,10A,ROCK TOP
3932,1792074.05,302621.496,-1.503,13,10A,ROCK TOP
3933,1792076.187,302622.176,-1.535,13,10A,ROCK TOP
3934,1792076.766,302624.156,-1.49,13,10A,ROCK TOP
3935,1792078.769,302625.354,-1.608,13,10A,ROCK TOP
3936,1792078.719,302628.514,-2.284,13,10A,GS
3937,1792025.291,302660.42,-2.019,14,10A,GS
3938,1792024.782,302658.871,-1.442,14,10A,ROCK TOP
3939,1792022.154,302658.32,-1.287,14,10A,ROCK TOP
3940,1792021.03,302655.787,-1.431,14,10A,ROCK TOP
3941,1792019.616,302653.91,-1.706,14,10A,ROCK TOP
3942,1792019.553,302652.131,-1.358,14,10A,ROCK TOP
3943,1792019.394,302650.01,-1.55,14,10A,ROCK TOP
3944,1792016.988,302647.709,-1.408,14,10A,ROCK TOP
3945,1792016.359,302645.601,-1.531,14,10A,ROCK TOP
3946,1792015.329,302644.199,-1.47,14,10A,ROCK TOP
3947,1792014.108,302642.038,-1.426,14,10A,ROCK TOP
3948,1792012.707,302639.687,-1.587,14,10A,ROCK TOP
3949,1792011.573,302636.428,-1.545,14,10A,ROCK TOP
3950,1792009.223,302634.189,-2.074,14,10A,GS
3951,1791954.284,302673.29,-1.523,15,10A,GS
3952,1791955.283,302675.017,-1.207,15,10A,ROCK TOP
3953,1791957.783,302677.294,-1.248,15,10A,ROCK TOP
3954,1791958.478,302678.443,-1.336,15,10A,ROCK TOP
3955,1791960.516,302680.487,-1.148,15,10A,ROCK TOP
3956,1791963.128,302682.019,-1.403,15,10A,ROCK TOP
3957,1791964.399,302684.472,-1.193,15,10A,ROCK TOP
3958,1791966.897,302686.51,-1.255,15,10A,ROCK TOP
3959,1791969.548,302688.309,-1.231,15,10A,ROCK TOP
3960,1791971.219,302689.655,-1.176,15,10A,ROCK TOP
3961,1791972.751,302693.129,-1.402,15,10A,ROCK TOP
3962,1791973.488,302695.112,-1.292,15,10A,ROCK TOP
3963,1791974.356,302697.125,-1.431,15,10A,GS
3481,1791491.783,303065.843,-3.461,1,11A,GS
3482,1791491.232,303063.596,-1.817,1,11A,ROCK TOP 
3483,1791490.361,303060.593,-1.939,1,11A,ROCK TOP 
3484,1791489.93,303055.986,-1.403,1,11A,ROCK TOP
3485,1791488.723,303051.931,-1.834,1,11A,ROCK TOP
3486,1791487.565,303049.247,-1.871,1,11A,ROCK TOP
3487,1791486.808,303046.629,-1.617,1,11A,ROCK TOP
3488,1791485.566,303043.644,-1.683,1,11A,ROCK TOP
3489,1791484.214,303041.936,-1.595,1,11A,ROCK TOP
3490,1791483.086,303040.033,-1.576,1,11A,ROCK TOP
3491,1791482.575,303037.526,-2.984,1,11A,GS
3467,1791448.188,303048.176,-1.768,2,11A,GS
3468,1791448.253,303051.2,-1.375,2,11A,ROCK TOP
3469,1791449.897,303053.188,-1.557,2,11A,ROCK TOP
3470,1791451.773,303056.161,-1.494,2,11A,ROCK TOP
3471,1791452.94,303057.905,-1.771,2,11A,ROCK TOP
3472,1791452.951,303060.375,-1.84,2,11A,ROCK TOP
3473,1791453.088,303062.604,-1.936,2,11A,ROCK TOP
3474,1791454.336,303064.394,-1.692,2,11A,ROCK TOP
3475,1791455.273,303066.554,-1.815,2,11A,ROCK TOP
3476,1791455.884,303068.565,-1.911,2,11A,ROCK TOP
3477,1791456.508,303070.638,-1.773,2,11A,ROCK TOP
3478,1791457.094,303072.701,-1.644,2,11A,ROCK TOP
3479,1791458.138,303074.847,-1.539,2,11A,ROCK TOP
3480,1791460.176,303077.889,-2.969,2,11A,GS
3451,1791404.072,303095.956,-2.701,3,11A,GS
3452,1791403.404,303095.396,-1.872,3,11A,ROCK TOP 
3453,1791402.427,303093.656,-1.694,3,11A,ROCK TOP
3454,1791401.881,303090.535,-1.543,3,11A,ROCK TOP
3455,1791400.815,303088.742,-1.307,3,11A,ROCK TOP
3456,1791399.638,303085.785,-1.48,3,11A,ROCK TOP
3457,1791399.175,303083.834,-1.688,3,11A,ROCK TOP
3458,1791398.58,303081.622,-1.432,3,11A,ROCK TOP
3459,1791397.927,303079.46,-1.402,3,11A,ROCK TOP
3460,1791397.022,303076.404,-1.635,3,11A,ROCK TOP
3461,1791396.825,303073.4,-1.786,3,11A,ROCK TOP
3462,1791396.668,303070.21,-1.493,3,11A,ROCK TOP
3463,1791395.878,303067.281,-1.566,3,11A,ROCK TOP
3464,1791395.369,303064.611,-1.577,3,11A,ROCK TOP
3465,1791394.783,303063.015,-1.485,3,11A,ROCK TOP
3466,1791394.77,303062.692,-2.464,3,11A,GS
3434,1791373.307,303072.349,-1.908,4,11A,GS
3435,1791373.748,303073.534,-1.258,4,11A,ROCK TOP
3436,1791374.575,303075.207,-1.581,4,11A,ROCK TOP
3437,1791374.157,303077.28,-1.424,4,11A,ROCK TOP
3438,1791375.117,303080.256,-1.38,4,11A,ROCK TOP
3439,1791375.58,303081.39,-1.349,4,11A,ROCK TOP
3440,1791376.455,303083.78,-1.36,4,11A,ROCK TOP
3441,1791376.738,303086.108,-1.295,4,11A,ROCK TOP
3442,1791377.933,303088.223,-1.373,4,11A,ROCK TOP
3443,1791378.393,303090.426,-1.245,4,11A,ROCK TOP
3444,1791378.942,303092.099,-1.281,4,11A,ROCK TOP
3445,1791379.464,303094.102,-1.366,4,11A,ROCK TOP
3446,1791380.366,303095.819,-1.269,4,11A,ROCK TOP
3447,1791381.818,303098.263,-1.37,4,11A,ROCK TOP
3448,1791382.532,303100.006,-1.481,4,11A,ROCK TOP
3449,1791383.428,303100.216,-1.236,4,11A,ROCK TOP
3450,1791385.052,303102.38,-1.853,4,11A,GS
3418,1791340.661,303114.639,-1.582,5,11A,GS
3419,1791339.76,303113.369,-1.251,5,11A,ROCK TOP
3420,1791339.183,303111.091,-1.198,5,11A,ROCK TOP
3421,1791338.257,303109.666,-1.295,5,11A,ROCK TOP
3422,1791337.483,303108.027,-1.232,5,11A,ROCK TOP
3423,1791337.627,303105.64,-1.324,5,11A,ROCK TOP
3424,1791337.041,303103.929,-1.238,5,11A,ROCK TOP
3425,1791336.672,303101.86,-1.344,5,11A,ROCK TOP
3426,1791335.982,303100.043,-1.243,5,11A,ROCK TOP
3427,1791335.863,303098.188,-1.223,5,11A,ROCK TOP
3428,1791335.401,303096.319,-1.28,5,11A,ROCK TOP
3429,1791334.568,303094.641,-1.22,5,11A,ROCK TOP
3430,1791334.047,303092.534,-1.278,5,11A,ROCK TOP
3431,1791333.609,303090.832,-1.298,5,11A,ROCK TOP
3432,1791332.271,303088.559,-1.228,5,11A,ROCK TOP
3433,1791330.745,303086.336,-1.439,5,11A,GS
3391,1791327.827,303137.866,-1.415,1,11B,GS
3392,1791327.141,303137.21,-1.219,1,11B,ROCK TOP
3393,1791325.604,303135.352,-1.235,1,11B,ROCK TOP
3394,1791324.591,303133.489,-1.263,1,11B,ROCK TOP
3395,1791323.51,303131.402,-1.216,1,11B,ROCK TOP
3396,1791322.437,303129.461,-1.247,1,11B,ROCK TOP
3397,1791320.403,303127.672,-1.275,1,11B,ROCK TOP
3398,1791319.248,303124.962,-1.198,1,11B,ROCK TOP
3399,1791317.03,303122.64,-1.3,1,11B,ROCK TOP
3400,1791316.032,303120.288,-1.231,1,11B,ROCK TOP
3401,1791314.537,303118.175,-1.217,1,11B,ROCK TOP
3402,1791313.383,303115.904,-1.392,1,11B,ROCK TOP
3403,1791312.438,303114.524,-1.343,1,11B,ROCK TOP
3404,1791311.155,303113.184,-1.379,1,11B,ROCK TOP
3405,1791310.544,303111.46,-1.796,1,11B,GS
1733,1791261.574,303142.598,-2.217,2,11B,GS
1734,1791262.469,303145.314,-1.553,2,11B,ROCK TOP
1735,1791263.905,303147.317,-1.573,2,11B,ROCK TOP
1736,1791264.149,303150.371,-1.518,2,11B,ROCK TOP
1737,1791264.213,303151.662,-1.665,2,11B,ROCK TOP
1738,1791265.159,303153.64,-1.396,2,11B,ROCK TOP
1739,1791266.674,303155.264,-1.337,2,11B,ROCK TOP
1740,1791267.38,303157.005,-1.487,2,11B,ROCK TOP
1741,1791268.125,303158.524,-1.376,2,11B,ROCK TOP
1742,1791268.33,303160.573,-1.647,2,11B,ROCK TOP
1743,1791269.444,303163.134,-1.393,2,11B,ROCK TOP
1744,1791270.773,303164.376,-1.363,2,11B,ROCK TOP
1745,1791271.115,303165.906,-1.609,2,11B,ROCK TOP
1746,1791271.161,303168.663,-1.459,2,11B,ROCK TOP
1747,1791271.504,303170.526,-1.551,2,11B,ROCK TOP
1748,1791273.169,303171.767,-1.871,2,11B,ROCK TOP
1749,1791274.079,303173.31,-2.414,2,11B,GS
1750,1791274.841,303170.193,-1.59,2,11B,ROCK TOP
1751,1791276.711,303171.785,-1.855,2,11B,ROCK TOP
1752,1791277.727,303172.968,-2.616,2,11B,GS
1753,1791240.856,303194.983,-2.318,3,11B,GS
1754,1791240.064,303193.955,-1.581,3,11B,ROCK TOP
1755,1791238.981,303192.354,-1.558,3,11B,ROCK TOP
1756,1791237.511,303190.012,-1.689,3,11B,ROCK TOP
1757,1791234.966,303188.296,-1.579,3,11B,ROCK TOP
1758,1791233.363,303185.55,-1.533,3,11B,ROCK TOP
1759,1791232.353,303183.839,-1.661,3,11B,ROCK TOP
1760,1791230.502,303182.786,-1.488,3,11B,ROCK TOP
1761,1791229.674,303180.973,-1.642,3,11B,ROCK TOP
1762,1791227.115,303178.138,-1.509,3,11B,ROCK TOP
1763,1791225.571,303176.469,-1.365,3,11B,ROCK TOP
1764,1791223.345,303173.656,-1.506,3,11B,ROCK TOP
1765,1791221.192,303170.79,-1.483,3,11B,ROCK TOP
1766,1791219.804,303169.54,-2.365,3,11B,GS
1767,1791207.917,303178.804,-2.217,4,11B,GS
1768,1791208.949,303181.051,-1.578,4,11B,ROCK TOP
1769,1791211.248,303182.691,-1.439,4,11B,ROCK TOP
1770,1791212.19,303184.176,-1.469,4,11B,ROCK TOP
1771,1791213.529,303186.459,-1.395,4,11B,ROCK TOP
1772,1791215.231,303187.495,-1.31,4,11B,ROCK TOP
1773,1791216.785,303190.563,-1.325,4,11B,ROCK TOP
1774,1791218.739,303192.609,-1.434,4,11B,ROCK TOP
1775,1791221.23,303194.605,-1.386,4,11B,ROCK TOP
1776,1791222.37,303195.94,-1.359,4,11B,ROCK TOP
1777,1791224.501,303196.318,-1.296,4,11B,ROCK TOP
1778,1791225.696,303198.453,-1.426,4,11B,ROCK TOP
1779,1791227.433,303200.043,-1.527,4,11B,ROCK TOP
1780,1791228.489,303200.351,-1.627,4,11B,ROCK TOP
1781,1791228.643,303201.494,-2.174,4,11B,GS
1782,1791208.31,303221.778,-2.266,5,11B,GS
1783,1791208.002,303220.172,-1.455,5,11B,ROCK TOP
1784,1791206.053,303218.291,-1.32,5,11B,ROCK TOP
1785,1791206.09,303216.114,-1.363,5,11B,ROCK TOP
1786,1791203.72,303215.282,-1.407,5,11B,ROCK TOP
1787,1791202.196,303214.088,-1.529,5,11B,ROCK TOP
1788,1791201.153,303212.271,-1.385,5,11B,ROCK TOP
1789,1791199.652,303210.277,-1.565,5,11B,ROCK TOP
1790,1791198.302,303208.424,-1.55,5,11B,ROCK TOP
1791,1791197.428,303206.426,-1.388,5,11B,ROCK TOP
1792,1791195.004,303205.67,-1.588,5,11B,ROCK TOP
1793,1791193.283,303203.93,-1.57,5,11B,ROCK TOP
1794,1791192.248,303202.367,-1.43,5,11B,ROCK TOP
1795,1791191.561,303200.439,-1.78,5,11B,ROCK TOP
1796,1791190.015,303198.526,-1.785,5,11B,ROCK TOP
1797,1791188.271,303196.49,-2.27,5,11B,GS
1798,1791161.404,303224.475,-2.35,6,11B,GS
1799,1791163.004,303227.827,-1.399,6,11B,ROCK TOP
1800,1791164.743,303229.485,-1.642,6,11B,ROCK TOP
1801,1791165.631,303231.011,-1.446,6,11B,ROCK TOP
1802,1791166.585,303233.095,-1.522,6,11B,ROCK TOP
1803,1791167.96,303233.566,-1.423,6,11B,ROCK TOP
1804,1791168.24,303235.529,-1.419,6,11B,ROCK TOP
1805,1791169.156,303237.64,-1.368,6,11B,ROCK TOP
1806,1791170.727,303239.082,-1.288,6,11B,ROCK TOP
1807,1791172.36,303241.139,-1.48,6,11B,ROCK TOP
1808,1791173.826,303242.229,-1.388,6,11B,ROCK TOP
1809,1791174.896,303244.319,-1.414,6,11B,ROCK TOP
1810,1791175.188,303245.809,-1.272,6,11B,ROCK TOP
1811,1791175.923,303247.187,-1.491,6,11B,ROCK TOP
1812,1791176.554,303249.104,-1.501,6,11B,ROCK TOP
1813,1791177.509,303250.097,-1.463,6,11B,ROCK TOP
1814,1791178.259,303253.685,-1.421,6,11B,ROCK TOP
1815,1791179.538,303255.18,-2.218,6,11B,GS
1816,1791166.958,303264.176,-2.305,7,11B,GS
1817,1791166.071,303263.838,-1.613,7,11B,ROCK TOP
1818,1791164.781,303261.928,-1.392,7,11B,ROCK TOP
1819,1791163.155,303259.338,-1.653,7,11B,ROCK TOP
1820,1791161.619,303258.223,-1.524,7,11B,ROCK TOP
1821,1791160.542,303256.186,-1.447,7,11B,ROCK TOP
1822,1791158.206,303255.774,-1.542,7,11B,ROCK TOP
1823,1791155.852,303253.211,-1.603,7,11B,ROCK TOP
1824,1791155.703,303250.087,-1.704,7,11B,ROCK TOP
1825,1791153.654,303248.768,-1.453,7,11B,ROCK TOP
1826,1791152.092,303247.321,-1.531,7,11B,ROCK TOP
1827,1791151.178,303246.186,-1.316,7,11B,ROCK TOP
1828,1791150.047,303244.316,-1.557,7,11B,ROCK TOP
1829,1791148.06,303244.127,-1.652,7,11B,ROCK TOP
1830,1791147.956,303242.118,-1.587,7,11B,ROCK TOP
1831,1791144.709,303242.282,-2.291,7,11B,GS
1832,1791129.078,303258.437,-2.311,8,11B,GS
1833,1791130.404,303259.132,-1.512,8,11B,ROCK TOP
1834,1791130.844,303260.804,-1.699,8,11B,ROCK TOP
1835,1791131.838,303262.403,-1.52,8,11B,ROCK TOP
1836,1791133.106,303263.434,-1.324,8,11B,ROCK TOP
1837,1791136.081,303266.458,-1.354,8,11B,ROCK TOP
1838,1791137.117,303268.815,-1.451,8,11B,ROCK TOP
1839,1791138.194,303270.094,-1.664,8,11B,ROCK TOP
1840,1791139.372,303271.118,-1.468,8,11B,ROCK TOP
1841,1791140.365,303274.49,-1.296,8,11B,ROCK TOP
1842,1791142.536,303275.691,-1.436,8,11B,ROCK TOP
1843,1791143.223,303278.386,-1.568,8,11B,ROCK TOP
1847,1791149.288,303281.261,-2.095,8,11B,GS
1848,1791147.878,303281.271,-1.527,8,11B,ROCK TOP
1849,1791146.47,303279.606,-1.512,8,11B,ROCK TOP
1850,1791145.418,303278.301,-1.893,8,11B,ROCK TOP
1851,1791113.821,303319.09,-2.446,9,11B,GS
1852,1791113.395,303317.628,-1.474,9,11B,ROCK TOP
1853,1791112.131,303316.051,-1.437,9,11B,ROCK TOP
1854,1791109.814,303315.7,-1.545,9,11B,ROCK TOP
1855,1791109.775,303313.014,-1.655,9,11B,ROCK TOP
1856,1791107.593,303312.633,-1.328,9,11B,ROCK TOP
1857,1791106.546,303310.843,-1.487,9,11B,ROCK TOP
1858,1791104.195,303308.729,-1.341,9,11B,ROCK TOP
1859,1791103.503,303306.564,-1.303,9,11B,ROCK TOP
1860,1791101.492,303304.461,-1.38,9,11B,ROCK TOP
1861,1791099.98,303302.851,-1.326,9,11B,ROCK TOP
1862,1791098.909,303301.178,-1.334,9,11B,ROCK TOP
1863,1791097.249,303300.604,-1.342,9,11B,ROCK TOP
1864,1791094.974,303298.971,-1.426,9,11B,ROCK TOP
1865,1791093.65,303297.403,-1.352,9,11B,ROCK TOP
1866,1791091.763,303296.226,-2.22,9,11B,GS
1867,1791069.866,303316.141,-2.558,10,11B,GS
1868,1791070.148,303317.217,-1.355,10,11B,ROCK TOP
1869,1791071.517,303318.994,-1.238,10,11B,ROCK TOP
1870,1791072.915,303320.216,-1.309,10,11B,ROCK TOP
1871,1791074.16,303321.741,-1.454,10,11B,ROCK TOP
1872,1791074.82,303323.988,-1.374,10,11B,ROCK TOP
1873,1791076.298,303325.955,-1.482,10,11B,ROCK TOP
1874,1791077.492,303327.036,-1.622,10,11B,ROCK TOP
1875,1791078.095,303329.301,-1.594,10,11B,ROCK TOP
1876,1791081.088,303329.278,-1.515,10,11B,ROCK TOP
1877,1791081.253,303331.377,-1.729,10,11B,ROCK TOP
1878,1791083.217,303331.998,-1.492,10,11B,ROCK TOP
1879,1791083.846,303334.472,-1.475,10,11B,ROCK TOP
1880,1791085.366,303336.499,-1.582,10,11B,ROCK TOP
1881,1791086.693,303337.959,-1.853,10,11B,ROCK TOP
1882,1791088.898,303340.406,-2.568,10,11B,GS
1883,1791046.693,303376.565,-2.564,11,11B,GS
1884,1791045.194,303376.07,-1.494,11,11B,ROCK TOP
1885,1791044.826,303373.505,-1.352,11,11B,ROCK TOP
1886,1791043.517,303371.8,-1.372,11,11B,ROCK TOP
1887,1791042.135,303369.585,-1.382,11,11B,ROCK TOP
1888,1791040.722,303368.68,-1.394,11,11B,ROCK TOP
1889,1791039.6,303366.596,-1.337,11,11B,ROCK TOP
1890,1791038.096,303365.281,-1.474,11,11B,ROCK TOP
1891,1791037.702,303363.2,-1.215,11,11B,ROCK TOP
1892,1791036.655,303362.092,-1.285,11,11B,ROCK TOP
1893,1791034.629,303360.07,-1.295,11,11B,ROCK TOP
1894,1791033.717,303359.577,-1.358,11,11B,ROCK TOP
1895,1791032.072,303358.111,-1.38,11,11B,ROCK TOP
1896,1791031.268,303356.321,-1.52,11,11B,ROCK TOP
1897,1791028.141,303353.696,-2.527,11,11B,GS
1898,1791021.38,303358.426,-2.46,12,11B,GS
1899,1791022.595,303360.522,-1.732,12,11B,ROCK TOP
1900,1791022.557,303364.446,-1.536,12,11B,ROCK TOP
1901,1791024.326,303365.774,-1.612,12,11B,ROCK TOP
1902,1791026.191,303368.189,-1.604,12,11B,ROCK TOP
1903,1791028.302,303369.628,-1.487,12,11B,ROCK TOP
1904,1791030.232,303371.678,-1.351,12,11B,ROCK TOP
1905,1791031.196,303373.304,-1.6,12,11B,ROCK TOP
1906,1791033.918,303374.937,-1.214,12,11B,ROCK TOP
1907,1791036.941,303378.015,-1.546,12,11B,ROCK TOP
1908,1791038.962,303379.798,-1.45,12,11B,ROCK TOP
1909,1791040.593,303382.455,-2.619,12,11B,GS
1910,1791023.763,303399.109,-2.703,13,11B,GS
1911,1791021.915,303396.163,-1.775,13,11B,ROCK TOP
1912,1791020.475,303394.182,-1.855,13,11B,ROCK TOP
1913,1791018.981,303394.278,-1.467,13,11B,ROCK TOP
1914,1791018.043,303392.545,-1.498,13,11B,ROCK TOP
1915,1791017.283,303390.918,-1.385,13,11B,ROCK TOP
1916,1791015.437,303388.803,-1.277,13,11B,ROCK TOP
1917,1791013.693,303385.712,-1.788,13,11B,ROCK TOP
1918,1791012.464,303383.879,-1.613,13,11B,ROCK TOP
1919,1791010.734,303382.357,-1.477,13,11B,ROCK TOP
1920,1791009.291,303381.326,-1.962,13,11B,ROCK TOP
1921,1791008.868,303379.621,-1.445,13,11B,ROCK TOP
1922,1791007.432,303378.778,-1.666,13,11B,ROCK TOP
1923,1791006.394,303375.81,-1.668,13,11B,ROCK TOP
1924,1791005.477,303374.071,-1.799,13,11B,ROCK TOP
1925,1791004.322,303372.679,-2.993,13,11B,GS
3406,1790955.614,303414.379,-3.068,14,11B,GS
3407,1790957.261,303416.434,-1.894,14,11B,ROCK TOP
3408,1790959.716,303418.158,-1.917,14,11B,ROCK TOP
3409,1790961.326,303419.417,-1.894,14,11B,ROCK TOP
3410,1790963.886,303422.253,-1.907,14,11B,ROCK TOP
3411,1790965.246,303423.693,-1.862,14,11B,ROCK TOP
3412,1790967.587,303424.952,-1.572,14,11B,ROCK TOP
3413,1790969.271,303426.992,-1.841,14,11B,ROCK TOP
3414,1790970.976,303428.105,-1.878,14,11B,ROCK TOP
3415,1790972.056,303429.411,-1.886,14,11B,ROCK TOP
3416,1790973.614,303431.556,-1.916,14,11B,ROCK TOP
3417,1790973.405,303436.061,-3.122,14,11B,GS
2346,1789665.604,304690.066,-3.386,1,15,GS
2347,1789664.827,304690.262,-1.824,1,15,ROCK TOP
2348,1789663.937,304688.071,-1.59,1,15,ROCK TOP
2349,1789662.452,304687.405,-1.591,1,15,ROCK TOP
2350,1789661.243,304686.027,-1.629,1,15,ROCK TOP
2351,1789660.077,304685.24,-1.584,1,15,ROCK TOP
2352,1789660.103,304682.509,-1.573,1,15,ROCK TOP
2353,1789658.193,304681.407,-1.657,1,15,ROCK TOP
2354,1789657.367,304679.281,-1.693,1,15,ROCK TOP
2355,1789655.24,304677.708,-1.861,1,15,ROCK TOP
2356,1789653.612,304675.086,-1.548,1,15,ROCK TOP
2357,1789651.649,304673.486,-1.556,1,15,ROCK TOP
2358,1789650.432,304671.615,-1.732,1,15,ROCK TOP
2359,1789648.431,304670.128,-1.479,1,15,ROCK TOP
2360,1789647.057,304667.822,-1.769,1,15,ROCK TOP
2361,1789645.814,304666.933,-3.399,1,15,GS
2469,1789595.104,304755.672,-3.356,2,15,GS
2470,1789595.158,304755.233,-1.586,2,15,ROCK TOP
2471,1789593.915,304754.543,-1.645,2,15,ROCK TOP
2472,1789593.204,304752.953,-1.673,2,15,ROCK TOP
2473,1789591.829,304751.705,-1.568,2,15,ROCK TOP
2474,1789590.23,304750.276,-1.722,2,15,ROCK TOP
2475,1789589.445,304748.76,-1.72,2,15,ROCK TOP
2476,1789588.325,304747.452,-1.531,2,15,ROCK TOP
2477,1789586.697,304745.649,-1.598,2,15,ROCK TOP
2478,1789586.511,304743.93,-1.595,2,15,ROCK TOP
2479,1789584.953,304742.633,-1.733,2,15,ROCK TOP
2480,1789583.559,304741.017,-1.654,2,15,ROCK TOP
2481,1789582.957,304739.572,-1.639,2,15,ROCK TOP
2482,1789581.213,304739.041,-1.65,2,15,ROCK TOP
2483,1789580.89,304737.493,-1.636,2,15,ROCK TOP
2484,1789578.976,304736.126,-1.675,2,15,ROCK TOP
2485,1789577.464,304735.065,-1.725,2,15,ROCK TOP
2486,1789576.674,304733.323,-1.654,2,15,ROCK TOP
2487,1789575.134,304733.106,-1.681,2,15,ROCK TOP
2488,1789573.557,304731.959,-3.203,2,15,GS
2362,1789570.038,304735.496,-3.063,3,15,GS
2363,1789572.276,304735.755,-1.452,3,15,ROCK TOP
2364,1789572.328,304738.623,-1.525,3,15,ROCK TOP
2365,1789574.373,304740.132,-1.465,3,15,ROCK TOP
2366,1789575.412,304742.439,-1.626,3,15,ROCK TOP
2367,1789577.82,304743.117,-1.56,3,15,ROCK TOP
2368,1789578.294,304745.295,-1.715,3,15,ROCK TOP
2369,1789579.234,304747.451,-1.496,3,15,ROCK TOP
2370,1789581.092,304748.367,-1.595,3,15,ROCK TOP
2371,1789582.353,304749.634,-1.518,3,15,ROCK TOP
2372,1789583.141,304751.259,-1.444,3,15,ROCK TOP
2373,1789584.635,304753.183,-1.537,3,15,ROCK TOP
2374,1789585.536,304754.645,-1.513,3,15,ROCK TOP
2375,1789586.965,304756.529,-1.532,3,15,ROCK TOP
2376,1789586.741,304758.447,-1.629,3,15,ROCK TOP
2377,1789587.68,304760.551,-1.586,3,15,ROCK TOP
2378,1789588.053,304760.137,-2.94,3,15,GS
2489,1789545.23,304756.346,-2.893,4,15,GS
2490,1789546.581,304756.974,-1.686,4,15,ROCK TOP
2491,1789547.581,304759.275,-1.661,4,15,ROCK TOP
2492,1789548.118,304761.413,-1.576,4,15,ROCK TOP
2493,1789548.463,304763.157,-1.783,4,15,ROCK TOP
2494,1789550.89,304764.836,-1.488,4,15,ROCK TOP
2495,1789552.858,304765.835,-1.529,4,15,ROCK TOP
2496,1789553.792,304767.043,-1.787,4,15,ROCK TOP
2497,1789555.222,304769.515,-1.633,4,15,ROCK TOP
2498,1789556.552,304771.817,-1.573,4,15,ROCK TOP
2499,1789558.026,304773.406,-1.482,4,15,ROCK TOP
2500,1789559.389,304775.099,-1.765,4,15,ROCK TOP
2501,1789561.26,304777.688,-1.597,4,15,ROCK TOP
2502,1789563.157,304780.026,-1.579,4,15,ROCK TOP
2503,1789563.546,304780.846,-2.968,4,15,GS
2504,1789529.969,304814.226,-3.075,5,15,GS
2505,1789528.439,304813.786,-1.637,5,15,ROCK TOP
2506,1789527.226,304811.71,-1.695,5,15,ROCK TOP
2507,1789526.329,304810.56,-1.774,5,15,ROCK TOP
2508,1789525.077,304809.081,-1.514,5,15,ROCK TOP
2509,1789523.761,304807.937,-1.678,5,15,ROCK TOP
2510,1789522.548,304805.741,-1.64,5,15,ROCK TOP
2511,1789520.382,304805.195,-1.561,5,15,ROCK TOP
2512,1789518.547,304802.317,-1.389,5,15,ROCK TOP
2513,1789517.723,304800.92,-1.507,5,15,ROCK TOP
2514,1789516.342,304799.566,-1.486,5,15,ROCK TOP
2515,1789514.684,304798.946,-1.643,5,15,ROCK TOP
2516,1789512.741,304797.916,-1.57,5,15,ROCK TOP
2517,1789510.458,304797.328,-1.422,5,15,ROCK TOP
2518,1789509.274,304795.643,-1.582,5,15,ROCK TOP
2519,1789507.731,304794.803,-1.725,5,15,ROCK TOP
2520,1789505.972,304794.061,-1.698,5,15,ROCK TOP
2521,1789504.685,304793.216,-2.908,5,15,GS
2379,1789516.083,304824.973,-2.937,6,15,GS
2380,1789516.17,304823.702,-1.638,6,15,ROCK TOP
2381,1789514.334,304822.784,-1.476,6,15,ROCK TOP
2382,1789512.451,304821.444,-1.601,6,15,ROCK TOP
2383,1789511.153,304820.59,-1.613,6,15,ROCK TOP
2384,1789510.079,304819.055,-1.663,6,15,ROCK TOP
2385,1789508.915,304817.962,-1.724,6,15,ROCK TOP
2386,1789507.722,304816.148,-1.644,6,15,ROCK TOP
2387,1789506.308,304814.363,-1.685,6,15,ROCK TOP
2388,1789504.871,304813.412,-1.556,6,15,ROCK TOP
2389,1789503.544,304812.333,-1.504,6,15,ROCK TOP
2390,1789502.93,304811.414,-1.694,6,15,ROCK TOP
2391,1789500.921,304811.301,-1.715,6,15,ROCK TOP
2392,1789500.139,304809.325,-1.769,6,15,ROCK TOP
2393,1789498.804,304807,-1.879,6,15,ROCK TOP
2394,1789497.113,304805.642,-1.678,6,15,ROCK TOP
2395,1789495.021,304804.997,-1.61,6,15,ROCK TOP
2396,1789494.389,304803.01,-3.006,6,15,GS
2522,1789475.334,304819.938,-2.884,7,15,GS
2523,1789476.473,304820.825,-1.792,7,15,ROCK TOP
2524,1789477.18,304821.562,-1.589,7,15,ROCK TOP
2525,1789479.144,304823.375,-1.402,7,15,ROCK TOP
2526,1789480.392,304825.389,-1.731,7,15,ROCK TOP
2527,1789482.092,304827.108,-1.586,7,15,ROCK TOP
2528,1789483.723,304828.789,-1.563,7,15,ROCK TOP
2529,1789485.748,304829.939,-1.657,7,15,ROCK TOP
2530,1789487.453,304831.513,-1.673,7,15,ROCK TOP
2531,1789489.009,304832.565,-1.538,7,15,ROCK TOP
2532,1789489.804,304833.788,-1.416,7,15,ROCK TOP
2533,1789490.164,304834.761,-1.737,7,15,ROCK TOP
2534,1789492.073,304835.444,-1.639,7,15,ROCK TOP
2535,1789493.172,304836.866,-1.538,7,15,ROCK TOP
2536,1789494.462,304837.638,-1.833,7,15,ROCK TOP
2537,1789496.001,304838.823,-1.642,7,15,ROCK TOP
2538,1789498.07,304841.558,-2.968,7,15,GS
2397,1789420.232,304869.127,-2.846,8,15,GS
2398,1789421.993,304869.497,-1.792,8,15,ROCK TOP
2399,1789422.625,304871.958,-1.623,8,15,ROCK TOP
2400,1789424.347,304874.64,-1.638,8,15,ROCK TOP
2401,1789424.618,304877.467,-1.604,8,15,ROCK TOP
2402,1789427.691,304878.46,-1.726,8,15,ROCK TOP
2403,1789429.809,304880.215,-1.519,8,15,ROCK TOP
2404,1789430.097,304881.951,-1.494,8,15,ROCK TOP
2405,1789432.211,304882.144,-1.579,8,15,ROCK TOP
2406,1789435.362,304884.552,-1.458,8,15,ROCK TOP
2407,1789436.116,304886.603,-1.685,8,15,ROCK TOP
2408,1789437.205,304888.026,-1.564,8,15,ROCK TOP
2409,1789439.198,304889.768,-1.649,8,15,ROCK TOP
2410,1789440.976,304892.41,-1.708,8,15,ROCK TOP
2411,1789441.748,304893.057,-2.964,8,15,GS
2539,1789389.036,304939.996,-2.72,9,15,GS
2540,1789388.427,304938.177,-1.79,9,15,ROCK TOP
2541,1789387.542,304936.792,-1.541,9,15,ROCK TOP
2542,1789385.479,304935.911,-1.68,9,15,ROCK TOP
2543,1789384.381,304934.092,-1.625,9,15,ROCK TOP
2544,1789383.138,304932.774,-1.667,9,15,ROCK TOP
2545,1789381.873,304932.512,-1.582,9,15,ROCK TOP
2546,1789380.636,304932.117,-1.546,9,15,ROCK TOP
2547,1789379.271,304931.828,-1.503,9,15,ROCK TOP
2548,1789378.058,304930.518,-1.532,9,15,ROCK TOP
2549,1789377.185,304929.056,-1.374,9,15,ROCK TOP
2550,1789375.287,304928.884,-1.678,9,15,ROCK TOP
2551,1789373.35,304927.865,-1.473,9,15,ROCK TOP
2552,1789372.399,304927.351,-1.423,9,15,ROCK TOP
2553,1789371.232,304925.506,-1.662,9,15,ROCK TOP
2554,1789370.014,304925.04,-1.437,9,15,ROCK TOP
2555,1789368.779,304924.387,-1.707,9,15,ROCK TOP
2556,1789366.917,304922.978,-1.504,9,15,ROCK TOP
2557,1789365.154,304921.931,-1.739,9,15,ROCK TOP
2558,1789364.32,304920.418,-1.81,9,15,ROCK TOP
2559,1789362.347,304920.931,-2.882,9,15,GS
2560,1789347.058,304936.298,-2.691,10,15,GS
2561,1789347.068,304937.188,-1.512,10,15,ROCK TOP
2562,1789348.983,304938.284,-1.738,10,15,ROCK TOP
2563,1789350.542,304939.185,-1.691,10,15,ROCK TOP
2564,1789351.428,304940.386,-1.875,10,15,ROCK TOP
2565,1789352.169,304941.904,-1.635,10,15,ROCK TOP
2566,1789353.984,304943.339,-1.477,10,15,ROCK TOP
2567,1789355.908,304944.085,-1.76,10,15,ROCK TOP
2568,1789356.674,304945.037,-1.696,10,15,ROCK TOP
2569,1789358.451,304946.519,-1.639,10,15,ROCK TOP
2570,1789360.205,304947.168,-1.666,10,15,ROCK TOP
2571,1789361.522,304949.364,-1.68,10,15,ROCK TOP
2572,1789362.895,304950.422,-1.636,10,15,ROCK TOP
2573,1789363.233,304952.419,-1.592,10,15,ROCK TOP
2574,1789364.305,304953.025,-1.521,10,15,ROCK TOP
2575,1789365.065,304953.063,-1.333,10,15,ROCK TOP
2576,1789366.643,304955.299,-1.734,10,15,ROCK TOP
2577,1789367.664,304957.729,-1.76,10,15,ROCK TOP
2578,1789368.945,304959.106,-2.733,10,15,GS
2579,1789293.754,304983.894,-2.896,11,15,GS
2580,1789294.534,304984.909,-1.579,11,15,ROCK TOP
2581,1789295.803,304986.502,-1.549,11,15,ROCK TOP
2582,1789296.289,304988.258,-1.648,11,15,ROCK TOP
2583,1789297.133,304990.08,-1.517,11,15,ROCK TOP
2584,1789298.299,304991.934,-1.561,11,15,ROCK TOP
2585,1789298.655,304993.117,-1.355,11,15,ROCK TOP
2586,1789299.947,304994.121,-1.518,11,15,ROCK TOP
2587,1789300.973,304995.792,-1.498,11,15,ROCK TOP
2588,1789301.643,304996.784,-1.485,11,15,ROCK TOP
2589,1789302.001,304998.4,-1.563,11,15,ROCK TOP
2590,1789302.82,304999.834,-1.872,11,15,ROCK TOP
2591,1789302.938,305001.655,-1.634,11,15,ROCK TOP
2592,1789304.29,305002.626,-1.634,11,15,ROCK TOP
2593,1789305.09,305003.842,-1.435,11,15,ROCK TOP
2594,1789306.464,305005.046,-1.613,11,15,ROCK TOP
2595,1789306.803,305006.868,-1.727,11,15,ROCK TOP
2596,1789307.719,305008.792,-1.655,11,15,ROCK TOP
2597,1789309.716,305010.584,-1.663,11,15,ROCK TOP
2598,1789309.771,305011.284,-2.865,11,15,GS
2599,1789272.981,305046.462,-3.274,12,15,GS
2600,1789272.717,305045.527,-1.672,12,15,ROCK TOP
2601,1789271.67,305043.604,-1.701,12,15,ROCK TOP
2602,1789271.205,305041.153,-1.573,12,15,ROCK TOP
2603,1789270.011,305039.695,-1.446,12,15,ROCK TOP
2604,1789268.159,305037.726,-1.397,12,15,ROCK TOP
2605,1789267.269,305035.971,-1.688,12,15,ROCK TOP
2606,1789265.755,305034.463,-1.651,12,15,ROCK TOP
2607,1789264.601,305032.739,-1.65,12,15,ROCK TOP
2608,1789263.309,305030.805,-1.657,12,15,ROCK TOP
2609,1789263.16,305028.605,-1.601,12,15,ROCK TOP
2610,1789262.298,305025.566,-1.716,12,15,ROCK TOP
2611,1789260.521,305023.997,-1.631,12,15,ROCK TOP
2612,1789258.337,305021.654,-1.856,12,15,ROCK TOP
2613,1789257.025,305019.775,-1.615,12,15,ROCK TOP
2614,1789253.762,305018.72,-1.655,12,15,ROCK TOP
2615,1789255.525,305016.381,-3.091,12,15,GS
3492,1789217.166,305052.682,-3.358,13,15,GS
3493,1789218.066,305053.652,-2.105,13,15,ROCK TOP
3494,1789220.429,305055.961,-1.912,13,15,ROCK TOP
3495,1789221.657,305057.742,-1.973,13,15,ROCK TOP
3496,1789223.97,305059.585,-1.769,13,15,ROCK TOP
3497,1789225.841,305061.358,-1.938,13,15,ROCK TOP
3498,1789226.649,305062.722,-1.881,13,15,ROCK TOP
3499,1789228.521,305064.392,-1.834,13,15,ROCK TOP
3500,1789229.731,305065.775,-1.85,13,15,ROCK TOP
3501,1789231.865,305068.051,-1.963,13,15,ROCK TOP
3502,1789233.029,305069.736,-1.881,13,15,ROCK TOP
3503,1789234.895,305071.661,-1.856,13,15,ROCK TOP
3504,1789236.295,305072.833,-1.942,13,15,ROCK TOP
3505,1789237.29,305074.141,-1.887,13,15,ROCK TOP
3506,1789237.931,305075.321,-1.914,13,15,ROCK TOP
3507,1789238.415,305076.272,-3.688,13,15,GS
2623,1789095.593,305149.542,-3.037,1,16,GS
2624,1789096.322,305151.232,-1.642,1,16,ROCK TOP
2625,1789098.297,305151.435,-1.608,1,16,ROCK TOP
2626,1789098.007,305154.263,-1.579,1,16,ROCK TOP
2627,1789099.169,305155.574,-1.665,1,16,ROCK TOP
2628,1789100.707,305156.494,-1.584,1,16,ROCK TOP
2629,1789100.87,305158.155,-1.624,1,16,ROCK TOP
2630,1789102.242,305160.442,-1.666,1,16,ROCK TOP
2631,1789103.593,305162.47,-1.721,1,16,ROCK TOP
2632,1789104.315,305163.776,-1.611,1,16,ROCK TOP
2633,1789105.402,305166.122,-1.617,1,16,ROCK TOP
2634,1789106.376,305168.187,-1.749,1,16,ROCK TOP
2635,1789107.735,305170.128,-1.572,1,16,ROCK TOP
2636,1789109.436,305172.034,-1.678,1,16,ROCK TOP
2637,1789110.155,305173.764,-1.689,1,16,ROCK TOP
2638,1789111.028,305175.178,-3.132,1,16,GS
2639,1789056.377,305213.556,-2.734,2,16,GS
2640,1789055.41,305211.894,-1.713,2,16,ROCK TOP
2641,1789054.413,305210.619,-1.499,2,16,ROCK TOP
2642,1789052.634,305207.09,-1.428,2,16,ROCK TOP
2643,1789051.367,305205.726,-1.66,2,16,ROCK TOP
2644,1789049.576,305203.967,-1.623,2,16,ROCK TOP
2645,1789049.065,305201.912,-1.506,2,16,ROCK TOP
2646,1789048.116,305199.49,-1.701,2,16,ROCK TOP
2647,1789047.621,305198.358,-1.833,2,16,ROCK TOP
2648,1789046.61,305196.281,-1.741,2,16,ROCK TOP
2649,1789045.465,305194.887,-1.502,2,16,ROCK TOP
2650,1789044.039,305193.162,-1.575,2,16,ROCK TOP
2651,1789042.747,305191.397,-1.76,2,16,ROCK TOP
2652,1789042,305190.119,-1.695,2,16,ROCK TOP
2653,1789041.087,305188.149,-2.66,2,16,GS
2654,1789012.141,305204.958,-2.265,3,16,GS
2655,1789012.46,305206.048,-1.561,3,16,ROCK TOP
2656,1789012.934,305207.957,-1.515,3,16,ROCK TOP
2657,1789014.435,305209.727,-1.597,3,16,ROCK TOP
2658,1789015.411,305210.601,-1.47,3,16,ROCK TOP
2659,1789016.163,305212.645,-1.684,3,16,ROCK TOP
2660,1789018.136,305213.24,-1.681,3,16,ROCK TOP
2661,1789018.823,305215.492,-1.641,3,16,ROCK TOP
2662,1789020.138,305216.773,-1.674,3,16,ROCK TOP
2663,1789021.088,305218.973,-1.528,3,16,ROCK TOP
2664,1789021.798,305219.963,-1.739,3,16,ROCK TOP
2665,1789023.395,305221.398,-1.682,3,16,ROCK TOP
2666,1789023.788,305223.263,-1.595,3,16,ROCK TOP
2667,1789024.996,305225.218,-1.494,3,16,ROCK TOP
2668,1789026.699,305227.03,-1.643,3,16,ROCK TOP
2669,1789027.076,305229.219,-1.634,3,16,ROCK TOP
2670,1789028.377,305230.782,-1.677,3,16,ROCK TOP
2671,1789028.579,305231.781,-2.604,3,16,GS
2687,1789004.285,305211.281,-2.495,4,16,GS
2688,1789004.692,305212.141,-1.716,4,16,ROCK TOP
2689,1789004.983,305213.907,-1.601,4,16,ROCK TOP
2690,1789006.949,305215.323,-1.644,4,16,ROCK TOP
2691,1789007.636,305217.371,-1.617,4,16,ROCK TOP
2692,1789009.1,305219.651,-1.593,4,16,ROCK TOP
2693,1789010.61,305223.132,-1.681,4,16,ROCK TOP
2694,1789010.881,305225.206,-1.505,4,16,ROCK TOP
2695,1789011.062,305227.283,-1.789,4,16,ROCK TOP
2696,1789012.835,305228.944,-1.551,4,16,ROCK TOP
2697,1789013.438,305230.562,-1.614,4,16,ROCK TOP
2698,1789015.068,305231.412,-1.636,4,16,ROCK TOP
2699,1789016.732,305232.929,-1.626,4,16,ROCK TOP
2700,1789017.14,305234.275,-1.668,4,16,ROCK TOP
2701,1789018.399,305235.248,-1.59,4,16,ROCK TOP
2702,1789018.969,305236.775,-2.443,4,16,GS
2672,1789003.758,305247.159,-2.522,5,16,GS
2673,1789003.728,305245.832,-1.664,5,16,ROCK TOP
2674,1789002.688,305244.657,-1.725,5,16,ROCK TOP
2675,1789001.865,305242.452,-1.625,5,16,ROCK TOP
2676,1788999.971,305240.38,-1.562,5,16,ROCK TOP
2677,1788999.018,305238.79,-1.55,5,16,ROCK TOP
2678,1788997.647,305236.52,-1.635,5,16,ROCK TOP
2679,1788994.591,305234.45,-1.056,5,16,ROCK TOP
2680,1788994.442,305231.621,-1.502,5,16,ROCK TOP
2681,1788993.787,305230.406,-1.462,5,16,ROCK TOP
2682,1788992.167,305228.654,-1.677,5,16,ROCK TOP
2683,1788990.59,305226.88,-1.565,5,16,ROCK TOP
2684,1788989.34,305225.743,-1.537,5,16,ROCK TOP
2685,1788989.039,305223.805,-1.763,5,16,ROCK TOP
2686,1788988.78,305222.774,-2.504,5,16,GS
2703,1788947.833,305286.913,-2.012,6,16,GS
2704,1788946.451,305285.491,-1.438,6,16,ROCK TOP
2705,1788945.574,305283.354,-1.584,6,16,ROCK TOP
2706,1788944.757,305281.741,-1.581,6,16,ROCK TOP
2707,1788943.594,305279.759,-1.572,6,16,ROCK TOP
2708,1788942.654,305278.148,-1.645,6,16,ROCK TOP
2709,1788940.025,305276.287,-1.515,6,16,ROCK TOP
2710,1788938.66,305274.656,-1.555,6,16,ROCK TOP
2711,1788937.986,305273.396,-1.513,6,16,ROCK TOP
2712,1788936.931,305272.26,-1.726,6,16,ROCK TOP
2713,1788936.9,305271.073,-1.362,6,16,ROCK TOP
2714,1788935.425,305269.858,-1.663,6,16,ROCK TOP
2715,1788934.253,305268.391,-1.552,6,16,ROCK TOP
2716,1788934.084,305266.41,-1.632,6,16,ROCK TOP
2717,1788932.493,305264.548,-1.606,6,16,ROCK TOP
2718,1788931.576,305263.522,-1.581,6,16,ROCK TOP
2719,1788930.25,305262.514,-1.597,6,16,ROCK TOP
2720,1788929.303,305261.502,-2.157,6,16,GS
2721,1788906.668,305278.514,-2.105,7,16,GS
2722,1788907.464,305279.493,-1.686,7,16,GS
2723,1788907.436,305280.008,-1.636,7,16,ROCK TOP
2724,1788908.382,305281.582,-1.578,7,16,ROCK TOP
2725,1788909.526,305283.497,-1.59,7,16,ROCK TOP
2726,1788910.218,305284.737,-1.58,7,16,ROCK TOP
2727,1788911.165,305286.864,-1.584,7,16,ROCK TOP
2728,1788912.168,305288.025,-1.652,7,16,ROCK TOP
2729,1788913.061,305288.702,-1.685,7,16,ROCK TOP
2730,1788913.93,305290.472,-1.605,7,16,ROCK TOP
2731,1788914.707,305292.323,-1.432,7,16,ROCK TOP
2732,1788915.925,305294.039,-1.634,7,16,ROCK TOP
2733,1788916.553,305295.88,-1.428,7,16,ROCK TOP
2734,1788918.346,305296.626,-1.589,7,16,ROCK TOP
2735,1788919.045,305298.388,-1.416,7,16,ROCK TOP
2736,1788920.187,305299.301,-1.217,7,16,ROCK TOP
2737,1788920.633,305301.055,-1.556,7,16,ROCK TOP
2738,1788922.118,305302.875,-1.545,7,16,ROCK TOP
2739,1788923.57,305304.19,-1.771,7,16,GS
2740,1788893.538,305327.731,-1.82,8,16,GS
2741,1788892.414,305326.646,-1.316,8,16,ROCK TOP
2742,1788891.229,305324.788,-1.552,8,16,ROCK TOP
2743,1788890.14,305323.411,-1.578,8,16,ROCK TOP
2744,1788889.86,305321.437,-1.532,8,16,ROCK TOP
2745,1788888.37,305320.149,-1.285,8,16,ROCK TOP
2746,1788887.691,305318.344,-1.513,8,16,ROCK TOP
2747,1788886.534,305317.132,-1.439,8,16,ROCK TOP
2748,1788886.081,305315.944,-1.224,8,16,ROCK TOP
2749,1788885.204,305313.679,-1.068,8,16,ROCK TOP
2750,1788883.537,305312.424,-1.295,8,16,ROCK TOP
2751,1788882.77,305311.21,-1.323,8,16,ROCK TOP
2752,1788882.084,305309.934,-1.365,8,16,ROCK TOP
2753,1788881.088,305308.256,-1.34,8,16,ROCK TOP
2754,1788879.248,305307.042,-1.372,8,16,ROCK TOP
2755,1788879.384,305304.77,-1.442,8,16,ROCK TOP
2756,1788877.927,305303.373,-1.556,8,16,ROCK TOP
2757,1788878.019,305301.089,-1.581,8,16,ROCK TOP
2758,1788876.987,305299.022,-2.044,8,16,GS
2759,1788847.796,305319.353,-2.16,9,16,GS
2760,1788849.477,305320.812,-1.732,9,16,ROCK TOP
2761,1788850.07,305321.991,-1.598,9,16,ROCK TOP
2762,1788850.647,305323.68,-1.664,9,16,ROCK TOP
2763,1788851.613,305325.345,-1.572,9,16,ROCK TOP
2764,1788851.033,305327.25,-1.708,9,16,ROCK TOP
2765,1788851.936,305329.252,-1.246,9,16,ROCK TOP
2766,1788853.182,305331.269,-1.427,9,16,ROCK TOP
2767,1788853.619,305333.305,-1.621,9,16,ROCK TOP
2768,1788855.418,305335.273,-1.647,9,16,ROCK TOP
2769,1788856.152,305337.513,-1.358,9,16,ROCK TOP
2770,1788857.049,305340.245,-1.503,9,16,ROCK TOP
2771,1788856.934,305340.239,-1.512,9,16,ROCK TOP
2772,1788857.071,305342.089,-1.38,9,16,ROCK TOP
2773,1788857.634,305343.542,-1.524,9,16,ROCK TOP
2774,1788859.007,305344.881,-1.484,9,16,ROCK TOP
2775,1788859.571,305349.35,-1.8,9,16,GS
2776,1788820.989,305373.36,-1.819,10,16,GS
2777,1788819.825,305371.802,-1.474,10,16,ROCK TOP
2778,1788819.897,305369.404,-1.439,10,16,ROCK TOP
2779,1788819.244,305367.65,-1.419,10,16,ROCK TOP
2780,1788817.806,305365.718,-1.366,10,16,ROCK TOP
2781,1788817.475,305363.041,-1.546,10,16,ROCK TOP
2782,1788816.769,305361.131,-1.67,10,16,ROCK TOP
2783,1788815.178,305358.874,-1.769,10,16,ROCK TOP
2784,1788814.283,305357.462,-1.662,10,16,ROCK TOP
2785,1788813.361,305356.06,-1.711,10,16,ROCK TOP
2786,1788813.097,305354.34,-1.676,10,16,ROCK TOP
2787,1788811.561,305353.355,-1.744,10,16,ROCK TOP
2788,1788810.549,305351.435,-1.488,10,16,ROCK TOP
2789,1788809.833,305349.614,-1.672,10,16,ROCK TOP
2790,1788809.121,305347.83,-1.686,10,16,ROCK TOP
2791,1788808.584,305345.814,-1.668,10,16,ROCK TOP
2792,1788808.218,305345.434,-2.147,10,16,GS
2793,1788743.183,305340.217,-2.472,11,16,GS
2794,1788743.229,305341.619,-1.63,11,16,ROCK TOP
2795,1788743.1,305343.148,-1.803,11,16,ROCK TOP
2796,1788743.263,305344.933,-1.768,11,16,ROCK TOP
2797,1788743.771,305346.539,-1.682,11,16,ROCK TOP
2798,1788744.784,305348.579,-1.799,11,16,ROCK TOP
2799,1788743.623,305351.134,-1.62,11,16,ROCK TOP
2800,1788743.521,305353.007,-1.642,11,16,ROCK TOP
2801,1788744.362,305354.939,-1.553,11,16,ROCK TOP
2802,1788744.337,305356.903,-1.512,11,16,ROCK TOP
2803,1788744.173,305358.468,-1.521,11,16,ROCK TOP
2804,1788744.496,305360.702,-1.38,11,16,ROCK TOP
2805,1788745.261,305362.839,-1.462,11,16,ROCK TOP
2806,1788746.425,305364.841,-1.482,11,16,ROCK TOP
2807,1788746.564,305366.595,-1.42,11,16,ROCK TOP
2808,1788746.834,305368.442,-1.635,11,16,ROCK TOP
2809,1788746.42,305370.829,-2.247,11,16,GS
2810,1788717.564,305367.444,-2.377,12,16,GS
2811,1788717.261,305366.657,-1.738,12,16,ROCK TOP
2812,1788717.328,305365.658,-1.498,12,16,ROCK TOP
2813,1788716.839,305363.905,-1.665,12,16,ROCK TOP
2814,1788715.654,305362.814,-1.672,12,16,ROCK TOP
2815,1788715.78,305361.152,-1.438,12,16,ROCK TOP
2816,1788715.591,305358.503,-1.475,12,16,ROCK TOP
2817,1788715.029,305356.549,-1.502,12,16,ROCK TOP
2818,1788713.739,305355.276,-1.538,12,16,ROCK TOP
2819,1788713.505,305353.405,-1.68,12,16,ROCK TOP
2820,1788713.217,305351.489,-1.534,12,16,ROCK TOP
2821,1788712.552,305349.554,-1.616,12,16,ROCK TOP
2822,1788711.791,305346.954,-1.538,12,16,ROCK TOP
2823,1788711.163,305345.475,-1.435,12,16,ROCK TOP
2824,1788710.93,305343.353,-1.471,12,16,ROCK TOP
2825,1788710.342,305341.428,-1.596,12,16,ROCK TOP
2826,1788709.547,305339.985,-1.646,12,16,ROCK TOP
2827,1788709.407,305339.091,-1.61,12,16,ROCK TOP
2828,1788708.949,305336.897,-2.51,12,16,GS
2829,1788692.52,305334.851,-2.634,13,16,GS
2830,1788693.098,305337.474,-1.841,13,16,ROCK TOP
2831,1788691.532,305339.829,-1.528,13,16,ROCK TOP
2832,1788691.617,305341.63,-1.443,13,16,ROCK TOP
2833,1788691.793,305343.293,-1.698,13,16,ROCK TOP
2834,1788692.44,305346.247,-1.662,13,16,ROCK TOP
2835,1788692.08,305348.533,-1.447,13,16,ROCK TOP
2836,1788692.503,305349.995,-1.636,13,16,ROCK TOP
2837,1788693.153,305352.16,-1.546,13,16,ROCK TOP
2838,1788692.661,305354.094,-1.567,13,16,ROCK TOP
2839,1788692.593,305355.963,-1.679,13,16,ROCK TOP
2840,1788692.258,305357.692,-1.616,13,16,ROCK TOP
2841,1788691.937,305360.404,-1.42,13,16,ROCK TOP
2842,1788692.118,305361.269,-1.624,13,16,ROCK TOP
2843,1788691.962,305365.658,-1.589,13,16,ROCK TOP
2844,1788692.062,305367.78,-2.462,13,16,GS
2845,1788630.671,305361.694,-2.735,14,16,GS
2846,1788630.455,305360.167,-1.525,14,16,ROCK TOP
2847,1788631.767,305358.208,-1.52,14,16,ROCK TOP
2848,1788631.26,305356.33,-1.349,14,16,ROCK TOP
2849,1788630.751,305354.315,-1.569,14,16,ROCK TOP
2850,1788630.698,305352.383,-1.541,14,16,ROCK TOP
2851,1788631.2,305351.01,-1.571,14,16,ROCK TOP
2852,1788631.391,305348.319,-1.596,14,16,ROCK TOP
2853,1788631.139,305345.373,-1.567,14,16,ROCK TOP
2854,1788631.545,305343.604,-1.518,14,16,ROCK TOP
2855,1788631.719,305341.698,-1.743,14,16,ROCK TOP
2856,1788632.03,305340.099,-1.484,14,16,ROCK TOP
2857,1788632.394,305338.223,-1.39,14,16,ROCK TOP
2858,1788631.515,305336.316,-1.615,14,16,ROCK TOP
2859,1788629.414,305332.553,-1.587,14,16,ROCK TOP
2860,1788629.152,305331.335,-2.813,14,16,GS
2861,1788611.202,305329.557,-2.799,15,16,GS
2862,1788612.072,305329.635,-1.642,15,16,ROCK TOP
2863,1788612.297,305331.237,-1.549,15,16,ROCK TOP
2864,1788613.178,305333.132,-1.78,15,16,ROCK TOP
2865,1788613.807,305335.332,-1.642,15,16,ROCK TOP
2866,1788613.15,305337.041,-1.671,15,16,ROCK TOP
2867,1788613.741,305339.266,-1.751,15,16,ROCK TOP
2868,1788615.949,305340.83,-1.734,15,16,ROCK TOP
2869,1788615.561,305343.228,-1.809,15,16,ROCK TOP
2870,1788614.52,305346.779,-1.618,15,16,ROCK TOP
2871,1788615.522,305348.023,-1.671,15,16,ROCK TOP
2872,1788617.513,305349.739,-1.638,15,16,ROCK TOP
2873,1788616.332,305352.997,-1.615,15,16,ROCK TOP
2874,1788616.276,305355.158,-1.485,15,16,ROCK TOP
2875,1788616.737,305358.076,-1.658,15,16,ROCK TOP
2876,1788616.704,305359.856,-2.975,15,16,GS
2877,1788594.715,305357.287,-3.203,16,16,GS
2878,1788594.836,305356.229,-1.709,16,16,ROCK TOP
2879,1788594.029,305354.098,-1.708,16,16,ROCK TOP
2880,1788594.468,305352.244,-1.735,16,16,ROCK TOP
2881,1788593.996,305349.558,-1.619,16,16,ROCK TOP
2882,1788594.303,305346.907,-1.637,16,16,ROCK TOP
2883,1788594.227,305343.906,-1.854,16,16,ROCK TOP
2884,1788595.039,305340.877,-1.629,16,16,ROCK TOP
2885,1788594.589,305338.61,-1.765,16,16,ROCK TOP
2886,1788594.319,305336.238,-1.779,16,16,ROCK TOP
2887,1788594.63,305333.369,-1.736,16,16,ROCK TOP
2888,1788595.473,305329.972,-1.842,16,16,ROCK TOP
2889,1788596.325,305328.454,-1.526,16,16,ROCK TOP
2890,1788595.407,305326.024,-3.012,16,16,GS
3508,1788554.906,305325.289,-3.265,17,16,GS
3509,1788554.983,305326.8,-1.886,17,16,ROCK TOP
3510,1788553.88,305328.954,-1.868,17,16,ROCK TOP
3511,1788553.072,305331.375,-1.847,17,16,ROCK TOP
3512,1788553.158,305334.08,-1.779,17,16,ROCK TOP
3513,1788553.055,305335.919,-1.881,17,16,ROCK TOP
3514,1788552.02,305338.367,-1.855,17,16,ROCK TOP
3515,1788551.955,305341,-1.858,17,16,ROCK TOP
3516,1788551.808,305343.024,-1.886,17,16,ROCK TOP
3517,1788552.002,305345.119,-1.877,17,16,ROCK TOP
3518,1788552.181,305347.38,-1.915,17,16,ROCK TOP
3519,1788552.345,305349.272,-1.922,17,16,ROCK TOP
3520,1788552.906,305351.554,-1.904,17,16,ROCK TOP
3521,1788553.134,305353.592,-1.975,17,16,ROCK TOP
3522,1788552.627,305355.407,-3.61,17,16,GS
3211,1786529.509,305687.413,-3.855,1,18,GS
3212,1786530.093,305688.679,-2.03,1,18,ROCK TOP
3213,1786531.35,305690.845,-1.918,1,18,ROCK TOP
3214,1786532.953,305693.194,-1.885,1,18,ROCK TOP
3215,1786535.07,305695.641,-1.855,1,18,ROCK TOP
3216,1786536.076,305697.31,-1.976,1,18,ROCK TOP
3217,1786540.292,305700.262,-1.976,1,18,ROCK TOP
3218,1786541.073,305702.928,-1.924,1,18,ROCK TOP
3219,1786541.799,305706.635,-1.964,1,18,ROCK TOP
3220,1786543.351,305709.558,-1.994,1,18,ROCK TOP
3221,1786544.032,305712.135,-1.993,1,18,ROCK TOP
3222,1786544.476,305714.446,-3.915,1,18,GS
3223,1786496.948,305740.216,-3.443,2,18,GS
3224,1786496.794,305739.252,-1.839,2,18,ROCK TOP
3225,1786495.714,305737.293,-1.782,2,18,ROCK TOP
3226,1786494.188,305735.305,-1.881,2,18,ROCK TOP
3227,1786493.547,305732.82,-1.95,2,18,ROCK TOP
3228,1786493.046,305729.69,-1.934,2,18,ROCK TOP
3229,1786491.262,305727.448,-1.825,2,18,ROCK TOP
3230,1786490.888,305725.069,-1.692,2,18,ROCK TOP
3231,1786488.68,305723.948,-1.699,2,18,ROCK TOP
3232,1786487.166,305721.956,-1.797,2,18,ROCK TOP
3233,1786483.376,305720.262,-1.935,2,18,ROCK TOP
3234,1786481.842,305716.405,-1.943,2,18,ROCK TOP
3235,1786480.937,305715.143,-3.395,2,18,GS
3236,1786467.319,305722.254,-3.504,3,18,GS
3237,1786468.158,305723.606,-2.005,3,18,ROCK TOP
3238,1786469.121,305725.042,-1.968,3,18,ROCK TOP
3239,1786471.688,305726.612,-1.732,3,18,ROCK TOP
3240,1786472.054,305728.678,-1.814,3,18,ROCK TOP
3241,1786474.095,305729.677,-1.725,3,18,ROCK TOP
3242,1786475.581,305731.829,-1.761,3,18,ROCK TOP
3243,1786477.066,305732.934,-1.919,3,18,ROCK TOP
3244,1786477.658,305736.149,-1.871,3,18,ROCK TOP
3245,1786480.742,305738.65,-1.559,3,18,ROCK TOP
3246,1786479.647,305740.817,-1.766,3,18,ROCK TOP
3247,1786480.096,305743.1,-1.51,3,18,ROCK TOP
3248,1786481.485,305745.196,-1.774,3,18,ROCK TOP
3249,1786481.211,305746.716,-1.921,3,18,ROCK TOP
3250,1786481.605,305748.432,-3.424,3,18,GS
3251,1786468.179,305755.587,-3.426,4,18,GS
3252,1786467,305753.494,-1.838,4,18,ROCK TOP 
3253,1786466.084,305752.509,-1.704,4,18,ROCK TOP
3254,1786464.894,305750.615,-1.853,4,18,ROCK TOP
3255,1786464.15,305749.105,-1.585,4,18,ROCK TOP
3256,1786462.765,305746.291,-1.97,4,18,ROCK TOP
3257,1786461.46,305744.35,-1.77,4,18,ROCK TOP
3258,1786460.634,305742.015,-1.86,4,18,ROCK TOP
3259,1786458.98,305739.925,-1.909,4,18,ROCK TOP
3260,1786457.75,305737.653,-1.906,4,18,ROCK TOP
3261,1786457.716,305735.763,-1.926,4,18,ROCK TOP
3262,1786455.682,305733.772,-1.807,4,18,ROCK TOP
3263,1786454.575,305730.691,-1.845,4,18,ROCK TOP
3264,1786453.093,305728.603,-3.555,4,18,GS
3265,1786440.96,305735.756,-3.563,5,18,GS
3266,1786441.864,305738.139,-1.888,5,18,ROCK TOP
3267,1786442.632,305739.838,-1.8,5,18,ROCK TOP
3268,1786443.425,305741.349,-1.912,5,18,ROCK TOP
3269,1786445.46,305743.838,-1.847,5,18,ROCK TOP
3270,1786447.647,305747.202,-1.746,5,18,ROCK TOP
3271,1786448.923,305748.318,-1.858,5,18,ROCK TOP
3272,1786448.837,305751.21,-1.866,5,18,ROCK TOP
3273,1786450.32,305753.545,-1.506,5,18,ROCK TOP
3274,1786452.529,305757.249,-1.7,5,18,ROCK TOP
3275,1786454.035,305759.934,-1.863,5,18,ROCK TOP
3276,1786455.716,305762.302,-3.358,5,18,GS
3277,1786433.959,305774.176,-3.364,6,18,GS
3278,1786433.549,305772.236,-1.948,6,18,ROCK TOP
3279,1786432.137,305771.324,-1.714,6,18,ROCK TOP
3280,1786430.912,305768.152,-1.694,6,18,ROCK TOP
3281,1786430.387,305766.266,-1.797,6,18,ROCK TOP
3282,1786429.629,305763.242,-1.772,6,18,ROCK TOP
3283,1786428.09,305760.675,-1.781,6,18,ROCK TOP
3284,1786426.188,305758.019,-1.87,6,18,ROCK TOP
3285,1786424.379,305754.652,-1.87,6,18,ROCK TOP
3286,1786422.324,305752.093,-1.915,6,18,ROCK TOP
3287,1786420.323,305750.22,-1.819,6,18,ROCK TOP
3288,1786420.722,305747.765,-3.545,6,18,GS
3289,1786392.774,305761.9,-3.432,7,18,GS
3290,1786393.365,305763.333,-1.945,7,18,ROCK TOP
3291,1786394.319,305765.378,-1.763,7,18,ROCK TOP
3292,1786395.811,305768.085,-1.857,7,18,ROCK TOP
3293,1786395.187,305771.339,-1.8,7,18,ROCK TOP
3294,1786397.416,305774.233,-1.756,7,18,ROCK TOP
3295,1786398.939,305777.039,-1.81,7,18,ROCK TOP
3296,1786399.794,305779.106,-1.929,7,18,ROCK TOP
3297,1786400.466,305781.003,-1.921,7,18,ROCK TOP
3298,1786402.124,305783.737,-1.589,7,18,ROCK TOP
3299,1786403.545,305786.39,-1.701,7,18,ROCK TOP
3300,1786403.899,305789.087,-1.845,7,18,ROCK TOP
3301,1786404.698,305790.523,-3.433,7,18,GS
3302,1786385.127,305801.902,-3.225,8,18,GS
3303,1786384.181,305800.525,-2.002,8,18,ROCK TOP 
3304,1786382.545,305798.005,-1.756,8,18,ROCK TOP
3305,1786380.193,305795.699,-1.873,8,18,ROCK TOP
3306,1786379.236,305793.975,-1.651,8,18,ROCK TOP
3307,1786378.467,305790.522,-1.678,8,18,ROCK TOP
3308,1786377.405,305788.081,-1.852,8,18,ROCK TOP
3309,1786376.484,305785.471,-1.842,8,18,ROCK TOP
3310,1786375.062,305782.321,-1.859,8,18,ROCK TOP
3311,1786373.868,305779.473,-1.933,8,18,ROCK TOP
3312,1786370.238,305776.6,-1.769,8,18,ROCK TOP
3313,1786368.467,305773.831,-3.375,8,18,GS
3314,1786353.617,305782.318,-3.188,9,18,GS
3315,1786354.508,305783.891,-1.73,9,18,ROCK TOP
3316,1786355.927,305786.227,-1.902,9,18,ROCK TOP
3317,1786357.264,305789.109,-1.757,9,18,ROCK TOP
3318,1786358.699,305791.869,-1.656,9,18,ROCK TOP
3319,1786359.915,305794.466,-1.686,9,18,ROCK TOP
3320,1786361.764,305796.717,-1.77,9,18,ROCK TOP
3321,1786363.508,305799.506,-1.687,9,18,ROCK TOP
3322,1786364.073,305801.54,-1.705,9,18,ROCK TOP
3323,1786364.763,305804.056,-1.87,9,18,ROCK TOP
3324,1786365.782,305806.617,-1.79,9,18,ROCK TOP
3325,1786366.575,305808.684,-1.912,9,18,ROCK TOP
3326,1786367.218,305810.819,-3.442,9,18,GS
3327,1786346.175,305822.144,-3.303,10,18,GS
3328,1786345.75,305819.902,-1.886,10,18,ROCK TOP
3329,1786343.836,305817.912,-1.824,10,18,ROCK TOP
3330,1786343.267,305815.395,-1.3,10,18,ROCK TOP
3331,1786342.881,305813.224,-1.802,10,18,ROCK TOP
3332,1786342.376,305811.598,-1.56,10,18,ROCK TOP
3333,1786341.426,305808.899,-1.814,10,18,ROCK TOP
3334,1786340.812,305806.385,-1.844,10,18,ROCK TOP
3335,1786339.496,305804.179,-1.761,10,18,ROCK TOP
3336,1786338.469,305802.098,-1.873,10,18,ROCK TOP
3337,1786337.471,305799.289,-1.87,10,18,ROCK TOP
3338,1786335.956,305796.123,-1.565,10,18,ROCK TOP
3339,1786334.925,305793.854,-1.926,10,18,ROCK TOP
3340,1786334.083,305792.079,-3.166,10,18,GS
3341,1786288.754,305816.705,-3.139,11,18,GS
3342,1786290.215,305817.83,-1.812,11,18,ROCK TOP
3343,1786290.17,305820.192,-1.616,11,18,ROCK TOP
3344,1786290.468,305823.203,-1.878,11,18,ROCK TOP
3345,1786291.192,305825.348,-1.584,11,18,ROCK TOP
3346,1786291.781,305827.468,-1.698,11,18,ROCK TOP
3347,1786292.858,305830.22,-1.66,11,18,ROCK TOP
3348,1786293.838,305832.446,-1.582,11,18,ROCK TOP
3349,1786295.52,305835.032,-1.863,11,18,ROCK TOP
3350,1786296.797,305838.129,-1.852,11,18,ROCK TOP
3351,1786298.75,305840.706,-1.414,11,18,ROCK TOP
3352,1786297.746,305843.814,-1.608,11,18,ROCK TOP
3353,1786300.645,305845.267,-1.866,11,18,ROCK TOP
3354,1786300.66,305847.777,-3.157,11,18,GS
3355,1786283.796,305855.073,-3.276,12,18,GS
3356,1786282.359,305853.961,-1.748,12,18,ROCK TOP 
3357,1786281.103,305851.678,-1.742,12,18,ROCK TOP
3358,1786280.205,305849.646,-1.704,12,18,ROCK TOP
3359,1786275.445,305843.188,-1.61,12,18,ROCK TOP
3360,1786274.01,305840.303,-1.603,12,18,ROCK TOP
3361,1786271.96,305837.52,-1.589,12,18,ROCK TOP
3362,1786270.908,305835.755,-1.526,12,18,ROCK TOP
3363,1786269.616,305833.269,-1.638,12,18,ROCK TOP
3364,1786268.326,305830.502,-1.916,12,18,ROCK TOP
3365,1786267.51,305828.511,-3.044,12,18,GS
3366,1786240.799,305842.515,-3.025,13,18,GS
3367,1786242.194,305843.533,-1.397,13,18,ROCK TOP 
3368,1786243.094,305846.581,-1.669,13,18,ROCK TOP
3369,1786243.87,305848.03,-1.54,13,18,ROCK TOP
3370,1786244.304,305850.417,-1.972,13,18,ROCK TOP
3371,1786247.64,305855.384,-1.799,13,18,ROCK TOP
3372,1786249.54,305857.82,-1.746,13,18,ROCK TOP
3373,1786250.967,305859.773,-1.698,13,18,ROCK TOP
3374,1786251.826,305861.742,-1.74,13,18,ROCK TOP
3375,1786253.745,305864.366,-1.685,13,18,ROCK TOP
3376,1786253.867,305866.262,-1.885,13,18,ROCK TOP
3377,1786254.865,305868.752,-1.88,13,18,ROCK TOP
3378,1786256.104,305870.851,-3.437,13,18,GS
3379,1786208.958,305897.856,-3.49,14,18,GS
3380,1786208.963,305896.142,-1.821,14,18,ROCK TOP
3381,1786206.988,305891.686,-1.928,14,18,ROCK TOP
3382,1786206.13,305888.898,-1.856,14,18,ROCK TOP
3383,1786204.36,305885.701,-1.913,14,18,ROCK TOP
3384,1786202.253,305883.589,-1.78,14,18,ROCK TOP
3385,1786200.559,305880.852,-1.75,14,18,ROCK TOP
3386,1786198.872,305877.834,-1.773,14,18,ROCK TOP
3387,1786197.716,305874.545,-1.721,14,18,ROCK TOP
3388,1786196.074,305872.074,-1.765,14,18,ROCK TOP
3389,1786194.995,305869.842,-1.821,14,18,ROCK TOP
3390,1786193.745,305867.462,-3.176,14,18,GS
