Number,X,Y,Elev,Transect,Element,Type
417,1794645.415,300149.923,-2.664,1,2,GS
418,1794642.815,300152.186,-2.438,1,2,GS
419,1794641.952,300143.532,-1.309,1,2,ROCK TOP
420,1794640.84,300150.095,-1.769,1,2,ROCK TOP
421,1794639.66,300150.295,-1.781,1,2,ROCK TOP
422,1794638.625,300146.883,-1.923,1,2,ROCK TOP
423,1794637.3,300146.185,-1.838,1,2,ROCK TOP
424,1794636.37,300143.355,-1.867,1,2,ROCK TOP
425,1794634.287,300140.887,-2.022,1,2,ROCK TOP
426,1794632.806,300139.055,-1.687,1,2,ROCK TOP
427,1794632.024,300135.806,-1.667,1,2,ROCK TOP
428,1794631.854,300130.792,-1.735,1,2,ROCK TOP
429,1794630.22,300128.915,-1.899,1,2,ROCK TOP
430,1794628.593,300127.445,-1.695,1,2,ROCK TOP
431,1794626.365,300126.543,-1.731,1,2,ROCK TOP
432,1794625.256,300125.863,-2.554,1,2,GS
433,1794577.114,300159.914,-2.5,2,2,GS
434,1794577.901,300160.776,-1.756,2,2,ROCK TOP
435,1794579.352,300162.502,-1.706,2,2,ROCK TOP
436,1794579.318,300164.129,-1.646,2,2,ROCK TOP
437,1794580.589,300165.345,-1.758,2,2,ROCK TOP
438,1794582.641,300167.478,-1.386,2,2,ROCK TOP
439,1794582.967,300170.821,-1.626,2,2,ROCK TOP
440,1794585.61,300175.576,-1.447,2,2,ROCK TOP
441,1794583.655,300172.98,-1.92,2,2,ROCK TOP
442,1794584.586,300177.503,-1.743,2,2,ROCK TOP
443,1794585.311,300178.85,-1.519,2,2,ROCK TOP
444,1794586.198,300180.476,-1.492,2,2,ROCK TOP
445,1794586.069,300182.446,-1.526,2,2,ROCK TOP
446,1794587.423,300183.263,-1.277,2,2,ROCK TOP
447,1794588.366,300186.14,-1.37,2,2,ROCK TOP
448,1794589.596,300187.878,-2.043,2,2,GS
449,1794593.31,300184.693,-2.106,2,2,GS
450,1794592.919,300183.367,-1.27,2,2,ROCK TOP
451,1794592.036,300180.625,-1.505,2,2,ROCK TOP
452,1794590.698,300179.907,-1.539,2,2,ROCK TOP
453,1794590.123,300179.265,-1.649,2,2,ROCK TOP
454,1794572.36,300197.978,-2.183,3,2,GS
455,1794572.196,300196.792,-1.554,3,2,ROCK TOP
456,1794571.583,300195.341,-1.309,3,2,ROCK TOP
457,1794570.823,300193.743,-1.348,3,2,ROCK TOP
458,1794570.695,300191.81,-1.58,3,2,ROCK TOP
459,1794569.694,300190.144,-1.745,3,2,ROCK TOP
460,1794569.031,300188.973,-1.799,3,2,ROCK TOP
461,1794568.182,300187.382,-1.668,3,2,ROCK TOP
462,1794568.446,300185.712,-1.801,3,2,ROCK TOP
463,1794567.829,300183.076,-1.772,3,2,ROCK TOP
464,1794564.862,300184.033,-1.748,3,2,ROCK TOP
465,1794564.359,300182.555,-1.71,3,2,ROCK TOP
466,1794564.312,300180.972,-1.946,3,2,ROCK TOP
467,1794563.352,300179.567,-1.565,3,2,ROCK TOP
468,1794563.277,300177.739,-1.698,3,2,ROCK TOP
469,1794561.822,300175.775,-1.832,3,2,ROCK TOP
470,1794561.427,300174.842,-1.893,3,2,ROCK TOP
471,1794559.557,300173.204,-1.563,3,2,ROCK TOP
472,1794560.279,300171.482,-1.84,3,2,ROCK TOP
473,1794557.305,300171.37,-1.759,3,2,ROCK TOP
474,1794557.31,300170.542,-2.844,3,2,GS
475,1794479.175,300221.365,-1.819,4,2,GS
476,1794481.597,300223.535,-1.094,4,2,ROCK TOP
477,1794482.321,300229.819,-0.907,4,2,ROCK TOP
478,1794484.041,300232.954,-0.822,4,2,ROCK TOP
479,1794488.938,300242.715,-1.246,4,2,ROCK TOP
480,1794479.286,300222.883,-1.615,4,2,GS
481,1794480.635,300228.214,-1.483,4,2,ROCK TOP
482,1794482.679,300233.967,-1.541,4,2,ROCK TOP
483,1794485.858,300239.754,-1.625,4,2,ROCK TOP
484,1794487.619,300243.32,-1.572,4,2,ROCK TOP
485,1794488.633,300247.683,-1.608,4,2,ROCK TOP
486,1794491.427,300249.902,-1.58,4,2,GS
487,1794489.284,300245.789,-1.167,4,2,ROCK TOP
488,1794477.404,300254.266,-1.829,5,2,GS
489,1794472.65,300249.116,-1.79,5,2,ROCK TOP
490,1794470.534,300246.636,-1.7,5,2,ROCK TOP
491,1794467.418,300243.355,-1.612,5,2,ROCK TOP
492,1794464.415,300240.531,-1.405,5,2,ROCK TOP
493,1794460.567,300236.511,-1.432,5,2,ROCK TOP
494,1794458.232,300234.21,-1.437,5,2,GS
495,1794463.952,300230.328,-1.135,5,2,GS
496,1794467.735,300233.536,-1.312,5,2,ROCK TOP
752,1794311.75,300321.63,-2.119,1,3,GS
753,1794311.906,300319.905,-1.359,1,3,ROCK TOP
754,1794309.71,300318.282,-1.595,1,3,ROCK TOP
755,1794307.636,300314.795,-1.654,1,3,ROCK TOP
756,1794305.826,300310.964,-1.622,1,3,ROCK TOP
757,1794306.071,300308.625,-1.524,1,3,ROCK TOP
758,1794304.604,300305.989,-1.574,1,3,ROCK TOP
759,1794304.071,300302.264,-1.512,1,3,ROCK TOP
760,1794303.057,300300.014,-1.36,1,3,ROCK TOP
761,1794300.95,300298.144,-1.51,1,3,ROCK TOP
762,1794299.437,300296.424,-1.405,1,3,ROCK TOP
763,1794297.751,300294.789,-1.386,1,3,ROCK TOP
764,1794295.913,300292.601,-1.732,1,3,ROCK TOP
765,1794295.318,300291.839,-1.904,1,3,GS
766,1794279.459,300301.332,-1.96,2,3,GS
767,1794279.806,300304.414,-1.756,2,3,ROCK TOP
768,1794281.079,300306.901,-1.709,2,3,ROCK TOP
769,1794281.563,300310.614,-1.747,2,3,ROCK TOP
770,1794283.445,300312.729,-1.627,2,3,ROCK TOP
771,1794284.026,300315.128,-1.704,2,3,ROCK TOP
772,1794285.799,300319.103,-1.477,2,3,ROCK TOP
773,1794286.569,300322.193,-1.679,2,3,ROCK TOP
774,1794287.704,300323.684,-1.455,2,3,ROCK TOP
775,1794289.565,300326.614,-1.399,2,3,ROCK TOP
776,1794290.491,300328.583,-2.364,2,3,GS
497,1794285.085,300333.084,-1.95,3,3,GS
498,1794283.647,300330.512,-2.143,3,3,GS
499,1794282.643,300329.472,-1.43,3,3,ROCK TOP
736,1794282.037,300328.1,-1.341,3,3,ROCK TOP
737,1794281.293,300326.698,-1.473,3,3,ROCK TOP
738,1794280.367,300324.533,-1.024,3,3,ROCK TOP
739,1794279.609,300322.096,-1.286,3,3,ROCK TOP
740,1794278.781,300319.442,-1.382,3,3,ROCK TOP
741,1794278.787,300317.605,-1.354,3,3,ROCK TOP
742,1794277.685,300315.077,-1.302,3,3,ROCK TOP
743,1794276.239,300312.172,-1.352,3,3,ROCK TOP
744,1794275.095,300311.453,-1.554,3,3,ROCK TOP
745,1794273.534,300310.094,-1.369,3,3,ROCK TOP
746,1794273.504,300308.031,-1.175,3,3,ROCK TOP
747,1794272.418,300305.59,-1.897,3,3,GS
748,1794271.497,300303.582,-1.927,3,3,GS
749,1794269.174,300306.704,-1.956,3,3,GS
750,1794270.159,300308.692,-1.432,3,3,ROCK TOP
751,1794236.636,300322.052,-2.297,4,3,GS
777,1794252.159,300346.087,-2.2,4,3,GS
778,1794252.283,300345.079,-1.617,4,3,ROCK TOP
779,1794249.664,300343.262,-1.517,4,3,ROCK TOP
780,1794248.846,300340.688,-1.567,4,3,ROCK TOP
781,1794247.194,300338.408,-1.619,4,3,ROCK TOP
782,1794246.096,300335.781,-1.759,4,3,ROCK TOP
783,1794244.195,300334.305,-1.662,4,3,ROCK TOP
784,1794242.867,300332.562,-1.859,4,3,ROCK TOP
785,1794242.3,300329.115,-1.624,4,3,ROCK TOP
786,1794241.183,300326.601,-1.572,4,3,ROCK TOP
787,1794240.958,300325.363,-1.678,4,3,ROCK TOP
788,1794240.263,300323.971,-2.394,4,3,GS
789,1794188.809,300342.972,-2.459,5,3,GS
790,1794188.48,300344.555,-1.669,5,3,ROCK TOP
791,1794189.205,300346.271,-1.84,5,3,ROCK TOP
792,1794189.709,300348.708,-1.83,5,3,ROCK TOP
793,1794190.659,300351.678,-1.446,5,3,ROCK TOP
794,1794191.209,300354.22,-1.569,5,3,ROCK TOP
795,1794192.651,300356.631,-1.691,5,3,ROCK TOP
796,1794194.346,300359.029,-1.363,5,3,ROCK TOP
797,1794196.443,300363.343,-1.764,5,3,ROCK TOP
798,1794199.006,300365.45,-1.682,5,3,ROCK TOP
799,1794199.919,300367.436,-1.51,5,3,ROCK TOP
800,1794201.242,300369.983,-1.581,5,3,ROCK TOP
801,1794202.015,300371.318,-2.608,5,3,GS
802,1794175.743,300385.117,-2.579,6,3,GS
803,1794174.591,300382.06,-1.402,6,3,ROCK TOP
804,1794172.829,300379.402,-1.272,6,3,ROCK TOP
805,1794171.888,300376.652,-1.474,6,3,ROCK TOP
806,1794170.247,300374.775,-1.339,6,3,ROCK TOP
807,1794168.931,300372.786,-1.54,6,3,ROCK TOP
808,1794166.904,300371.453,-1.725,6,3,ROCK TOP
809,1794166.26,300368.923,-1.61,6,3,ROCK TOP
810,1794164.269,300367.797,-1.581,6,3,ROCK TOP
811,1794163.233,300365.379,-1.678,6,3,ROCK TOP
812,1794162.252,300363.17,-1.56,6,3,ROCK TOP
813,1794159.197,300359.796,-1.659,6,3,ROCK TOP
814,1794158.098,300356.771,-1.467,6,3,ROCK TOP
815,1794161.752,300353.574,-2.307,6,3,GS
816,1794162.507,300354.777,-1.434,6,3,ROCK TOP
817,1794147.629,300361.834,-2.728,7,3,GS
818,1794148.085,300363.705,-1.61,7,3,ROCK TOP
819,1794149.462,300365.902,-1.694,7,3,ROCK TOP
820,1794150.806,300369.129,-1.898,7,3,ROCK TOP
821,1794151.091,300371.601,-1.881,7,3,ROCK TOP
822,1794153.42,300372.977,-1.757,7,3,ROCK TOP
823,1794154.409,300374.969,-1.614,7,3,ROCK TOP
824,1794154.481,300376.706,-1.532,7,3,ROCK TOP
825,1794155.275,300379.029,-1.577,7,3,ROCK TOP
826,1794157.107,300381.039,-1.573,7,3,ROCK TOP
827,1794157.539,300382.704,-1.643,7,3,ROCK TOP
828,1794157.313,300384.542,-1.845,7,3,ROCK TOP
829,1794157.665,300387.205,-1.247,7,3,ROCK TOP
830,1794159.722,300389.362,-1.405,7,3,ROCK TOP
831,1794161.114,300391.654,-1.685,7,3,ROCK TOP
832,1794161.231,300393.166,-2.433,7,3,GS
833,1794146.086,300399.195,-2.412,8,3,GS
834,1794145.202,300396.92,-1.646,8,3,ROCK TOP
835,1794143.249,300394.838,-1.461,8,3,ROCK TOP
836,1794141.742,300392.209,-1.802,8,3,ROCK TOP
837,1794139.727,300389.579,-1.781,8,3,ROCK TOP
838,1794137.062,300386.731,-1.866,8,3,ROCK TOP
839,1794134.384,300384.185,-1.732,8,3,ROCK TOP
840,1794131.875,300380.916,-1.966,8,3,ROCK TOP
841,1794131.538,300377.909,-1.716,8,3,ROCK TOP
842,1794128.967,300375.296,-1.634,8,3,ROCK TOP
843,1794127.277,300372.373,-1.764,8,3,ROCK TOP
844,1794126.317,300370.566,-2.655,8,3,GS
845,1794102.761,300385.149,-2.49,9,3,GS
846,1794104.081,300387.089,-1.813,9,3,ROCK TOP
847,1794105.71,300389.394,-2.016,9,3,ROCK TOP
848,1794106.335,300391.495,-1.706,9,3,ROCK TOP
849,1794108.556,300393.92,-1.461,9,3,ROCK TOP
850,1794109.799,300396.17,-1.67,9,3,ROCK TOP
851,1794109.139,300399.348,-1.677,9,3,ROCK TOP
852,1794110.712,300400.932,-1.706,9,3,ROCK TOP
853,1794110.97,300403.766,-1.701,9,3,ROCK TOP
854,1794112.31,300406.515,-1.695,9,3,ROCK TOP
855,1794116.255,300406.886,-1.756,9,3,ROCK TOP
856,1794117.154,300409,-1.635,9,3,ROCK TOP
857,1794118.378,300410.536,-1.727,9,3,ROCK TOP
858,1794120.441,300413.282,-1.606,9,3,ROCK TOP
859,1794121.018,300415.251,-2.68,9,3,GS
860,1794077.914,300433.231,-2.843,10,3,GS
861,1794078.14,300430.692,-1.588,10,3,ROCK TOP
862,1794076.634,300428.046,-1.74,10,3,ROCK TOP
863,1794074.975,300426.228,-1.723,10,3,ROCK TOP
864,1794071.593,300422.508,-2.698,10,3,GS
865,1794076.642,300420.858,-1.707,10,3,ROCK TOP
866,1794070.763,300417.639,-1.798,10,3,ROCK TOP
867,1794070.296,300413.098,-1.477,10,3,ROCK TOP
868,1794068.615,300410.125,-1.827,10,3,ROCK TOP
869,1794066.879,300408.848,-1.851,10,3,ROCK TOP
870,1794064.971,300406.139,-2.475,10,3,GS
871,1794063.588,300403.959,-2.526,10,3,GS
872,1793896.962,300567.858,-2.803,1,4,GS
873,1793893.745,300566.53,-1.44,1,4,ROCK TOP
874,1793891.103,300564.43,-1.384,1,4,ROCK TOP
875,1793888.648,300564.886,-1.427,1,4,ROCK TOP
876,1793885.873,300564.011,-1.623,1,4,ROCK TOP
877,1793882.066,300563.652,-1.574,1,4,ROCK TOP
878,1793879.933,300561.559,-1.274,1,4,ROCK TOP
879,1793876.823,300560.587,-1.476,1,4,ROCK TOP
880,1793875.142,300559.717,-1.796,1,4,ROCK TOP
881,1793872.492,300560.029,-1.498,1,4,ROCK TOP
882,1793869.443,300558.103,-2.531,1,4,GS
883,1793858.961,300575.998,-2.359,2,4,GS
884,1793859.216,300584.712,-2.363,2,4,GS
885,1793860.257,300585.275,-1.645,2,4,ROCK TOP
886,1793862.533,300586.42,-1.683,2,4,ROCK TOP
887,1793864.474,300587.744,-1.48,2,4,ROCK TOP
888,1793867.402,300588.476,-1.676,2,4,ROCK TOP
889,1793868.784,300590.141,-1.614,2,4,ROCK TOP
890,1793872.052,300591.803,-1.667,2,4,ROCK TOP
891,1793872.917,300593.82,-1.792,2,4,ROCK TOP
892,1793874.676,300594.846,-1.715,2,4,ROCK TOP
893,1793876.112,300596.325,-1.363,2,4,ROCK TOP
894,1793878.241,300597.564,-1.539,2,4,ROCK TOP
895,1793880.825,300598.435,-1.585,2,4,ROCK TOP
896,1793887.749,300594.474,-2.166,2,4,GS
897,1793884.744,300594.967,-1.619,2,4,ROCK TOP
898,1793884.274,300592.822,-1.624,2,4,ROCK TOP
899,1793881.786,300592.046,-1.657,2,4,ROCK TOP
900,1793879.694,300593.155,-1.598,2,4,ROCK TOP
901,1793876.893,300592.399,-1.557,2,4,ROCK TOP
902,1793878.378,300613.052,-2.198,3,4,GS
903,1793875.401,300613.713,-1.41,3,4,ROCK TOP
904,1793872.666,300613.465,-1.41,3,4,ROCK TOP
905,1793869.842,300612.653,-1.6,3,4,ROCK TOP
906,1793866.773,300611.039,-1.517,3,4,ROCK TOP
907,1793864.121,300610.064,-1.658,3,4,ROCK TOP
908,1793861.017,300610.441,-1.605,3,4,ROCK TOP
909,1793858.094,300609.778,-1.24,3,4,ROCK TOP
910,1793855.617,300608.724,-1.46,3,4,ROCK TOP
911,1793852.454,300608.367,-1.447,3,4,ROCK TOP
912,1793848.799,300607.612,-2.331,3,4,GS
913,1793840.212,300633.834,-2.565,4,4,GS
914,1793842.749,300635.077,-1.703,4,4,ROCK TOP
915,1793845.748,300638.148,-1.696,4,4,ROCK TOP
916,1793849.099,300637.203,-1.64,4,4,ROCK TOP
917,1793853.192,300637.773,-1.769,4,4,ROCK TOP
918,1793855.173,300638.235,-1.489,4,4,ROCK TOP
919,1793858.184,300640.744,-1.756,4,4,ROCK TOP
920,1793861.616,300641.783,-1.684,4,4,ROCK TOP
921,1793865.23,300643.306,-1.356,4,4,ROCK TOP
922,1793868.932,300643.896,-2.148,4,4,GS
923,1793801.296,300733.76,-2.896,1,5,GS
924,1793799.451,300732.664,-1.752,1,5,ROCK TOP
925,1793797.264,300731.122,-1.681,1,5,ROCK TOP
926,1793794.858,300730.81,-1.736,1,5,ROCK TOP
927,1793791.84,300729.294,-1.358,1,5,ROCK TOP
928,1793788.671,300728.455,-1.791,1,5,ROCK TOP
929,1793785.235,300727.713,-1.557,1,5,ROCK TOP
930,1793780.833,300726.105,-1.654,1,5,ROCK TOP
931,1793777.094,300726.272,-1.862,1,5,ROCK TOP
932,1793774.548,300725.05,-1.814,1,5,ROCK TOP
933,1793772.258,300723.887,-2.879,1,5,GS
934,1793751.264,300777.859,-2.663,2,5,GS
935,1793752.535,300777.713,-1.455,2,5,ROCK TOP
936,1793754.275,300778.904,-1.392,2,5,ROCK TOP
937,1793757.146,300780.313,-1.319,2,5,ROCK TOP
938,1793759.438,300781.746,-1.644,2,5,ROCK TOP
939,1793762.917,300782.968,-1.45,2,5,ROCK TOP
940,1793765.198,300784.422,-1.539,2,5,ROCK TOP
941,1793767.874,300785.527,-1.701,2,5,ROCK TOP
942,1793770.542,300785.885,-1.316,2,5,ROCK TOP
943,1793771.294,300786.974,-1.591,2,5,ROCK TOP
944,1793773.956,300790.62,-1.416,2,5,ROCK TOP
945,1793776.177,300791.13,-2.655,2,5,GS
946,1793769.685,300811.056,-2.417,3,5,GS
947,1793767.873,300810.493,-1.433,3,5,ROCK TOP
948,1793764.992,300809.546,-1.635,3,5,ROCK TOP
949,1793762.69,300808.066,-1.524,3,5,ROCK TOP
950,1793761.908,300806.249,-1.616,3,5,ROCK TOP
951,1793759.416,300806.126,-1.48,3,5,ROCK TOP
952,1793757.296,300805.438,-1.445,3,5,ROCK TOP
953,1793753.451,300803.473,-1.568,3,5,ROCK TOP
954,1793751.947,300804.789,-1.475,3,5,ROCK TOP
955,1793748.874,300804.566,-1.358,3,5,ROCK TOP
956,1793744.62,300803.396,-1.327,3,5,ROCK TOP
957,1793742.707,300801.806,-1.709,3,5,ROCK TOP
958,1793741.081,300802.27,-2.312,3,5,GS
959,1793743.412,300794.093,-2.534,3,5,GS
960,1793744.355,300794.748,-1.473,3,5,ROCK TOP
961,1793746.647,300795.447,-1.607,3,5,ROCK TOP
962,1793749.144,300796.27,-1.471,3,5,ROCK TOP
963,1793716.562,300861.063,-2.455,4,5,GS
964,1793719.841,300861.224,-1.654,4,5,ROCK TOP
965,1793721.925,300861.845,-1.38,4,5,ROCK TOP
966,1793725.204,300863.92,-1.419,4,5,ROCK TOP
967,1793728.786,300864.914,-1.834,4,5,ROCK TOP
968,1793731.536,300866.026,-1.579,4,5,ROCK TOP
969,1793734.039,300868.276,-1.337,4,5,ROCK TOP
970,1793736.938,300869.537,-1.286,4,5,ROCK TOP
971,1793738.978,300870.859,-1.302,4,5,ROCK TOP
972,1793741.048,300872.412,-1.197,4,5,ROCK TOP
973,1793743.408,300873.558,-2.531,4,5,GS
974,1793728.354,300871.205,-2.604,4,5,GS
975,1793686.007,300905.967,-2.946,1,6,GS
976,1793684.109,300905.325,-1.635,1,6,ROCK TOP
977,1793680.684,300903.004,-1.795,1,6,ROCK TOP
978,1793678.15,300900.771,-1.817,1,6,ROCK TOP
979,1793675.541,300899.179,-1.888,1,6,ROCK TOP
980,1793673.555,300900.76,-1.651,1,6,ROCK TOP
981,1793671.835,300898.514,-1.673,1,6,ROCK TOP
982,1793669.23,300894.766,-1.657,1,6,ROCK TOP
983,1793666.66,300892.358,-1.879,1,6,ROCK TOP
984,1793663.513,300889.846,-2.808,1,6,GS
985,1793661.782,300886.724,-2.617,1,6,GS
986,1793644.253,300906.209,-2.474,2,6,GS
987,1793644.413,300909.495,-1.666,2,6,ROCK TOP
988,1793645.264,300910.709,-1.698,2,6,ROCK TOP
989,1793647.282,300912.471,-1.778,2,6,ROCK TOP
990,1793647.819,300914.697,-1.426,2,6,ROCK TOP
991,1793648.959,300916.527,-1.655,2,6,ROCK TOP
992,1793649.923,300917.576,-1.468,2,6,ROCK TOP
993,1793651.736,300919.346,-1.513,2,6,ROCK TOP
994,1793654.174,300921.202,-1.316,2,6,ROCK TOP
995,1793654.447,300923.157,-1.333,2,6,ROCK TOP
996,1793657.467,300923.3,-1.506,2,6,ROCK TOP
997,1793659.575,300924.186,-1.858,2,6,ROCK TOP
998,1793661.808,300924.683,-1.644,2,6,ROCK TOP
999,1793663.475,300926.928,-2.489,2,6,GS
1000,1793644.077,300949.726,-2.649,3,6,GS
1001,1793642.355,300946.737,-1.777,3,6,ROCK TOP
1002,1793640.991,300945.598,-1.419,3,6,ROCK TOP
1003,1793638.811,300945.088,-1.68,3,6,ROCK TOP
1004,1793637.73,300942.743,-1.234,3,6,ROCK TOP
1005,1793635.146,300942.043,-1.421,3,6,ROCK TOP
1006,1793633.763,300940.173,-1.686,3,6,ROCK TOP
1007,1793631.881,300938.698,-1.715,3,6,ROCK TOP
1008,1793631.119,300937.404,-1.813,3,6,ROCK TOP
1009,1793627.925,300935.125,-1.76,3,6,ROCK TOP
1010,1793625.602,300932.677,-1.894,3,6,ROCK TOP
1011,1793623.637,300930.915,-1.881,3,6,ROCK TOP
1012,1793620.881,300929.849,-2.706,3,6,GS
1013,1793615.935,300937.039,-2.656,4,6,GS
1014,1793618.253,300939.026,-1.914,4,6,ROCK TOP
1015,1793620.968,300941.116,-1.821,4,6,ROCK TOP
1016,1793625.041,300943.319,-1.859,4,6,ROCK TOP
1017,1793627.223,300946.596,-1.774,4,6,ROCK TOP
1018,1793628.006,300950.062,-1.792,4,6,ROCK TOP
1019,1793630.696,300952.413,-1.465,4,6,ROCK TOP
1020,1793634.851,300955.398,-1.6,4,6,ROCK TOP
1021,1793636.674,300957.56,-1.71,4,6,ROCK TOP
1022,1793639.145,300959.494,-2.574,4,6,GS
1023,1793617.218,300979.89,-2.691,5,6,GS
1024,1793616.345,300978.533,-1.811,5,6,ROCK TOP
1025,1793614.998,300976.064,-1.604,5,6,ROCK TOP
1026,1793613.184,300973.157,-1.766,5,6,ROCK TOP
1027,1793610.011,300973.796,-1.735,5,6,ROCK TOP
1028,1793607.259,300970.347,-1.615,5,6,ROCK TOP
1029,1793606.506,300967.937,-1.563,5,6,ROCK TOP
1030,1793604.82,300966.511,-1.364,5,6,ROCK TOP
1031,1793600.301,300964.476,-1.263,5,6,ROCK TOP
1032,1793597.27,300961.899,-1.259,5,6,ROCK TOP
1033,1793594.224,300959.612,-2.601,5,6,GS
1034,1793591.51,300959.042,-2.558,5,6,GS
1035,1793533.782,301023.627,-2.772,1,7,GS
1036,1793534.677,301027.068,-2.57,1,7,GS/BEG 7
1037,1793533.76,301028.184,-1.772,1,7,ROCK TOP
1038,1793533.474,301029.59,-1.38,1,7,ROCK TOP
1039,1793536.138,301032.668,-1.355,1,7,ROCK TOP
1040,1793537.164,301034.329,-1.472,1,7,ROCK TOP
1041,1793538.094,301035.712,-1.726,1,7,ROCK TOP
1042,1793538.304,301038.879,-1.748,1,7,ROCK TOP
1043,1793538.39,301041.245,-1.548,1,7,ROCK TOP
1044,1793540.815,301042.758,-1.321,1,7,ROCK TOP
1045,1793540.349,301045.324,-1.413,1,7,ROCK TOP
1046,1793540.487,301049.211,-1.66,1,7,ROCK TOP
1047,1793541.474,301050.908,-1.732,1,7,ROCK TOP
1048,1793543.074,301052.275,-1.609,1,7,ROCK TOP
1049,1793542.517,301053.984,-2.758,1,7,GS
1050,1793515.423,301059.697,-2.659,2,7,GS
1051,1793514.335,301056.438,-1.837,2,7,ROCK TOP
1052,1793513.787,301052.81,-1.693,2,7,ROCK TOP
1053,1793511.888,301049.802,-1.319,2,7,ROCK TOP
1054,1793511.353,301046.524,-1.507,2,7,ROCK TOP
1055,1793510.551,301043.746,-1.574,2,7,ROCK TOP
1056,1793510.417,301042.418,-1.636,2,7,ROCK TOP
1057,1793510.195,301040.715,-1.613,2,7,ROCK TOP
1058,1793511.387,301037.434,-1.31,2,7,ROCK TOP
1059,1793507.856,301038.33,-1.511,2,7,ROCK TOP
1060,1793508.678,301035.659,-1.543,2,7,ROCK TOP
1061,1793507.204,301034.293,-1.673,2,7,ROCK TOP
1062,1793506.816,301032.467,-2.703,2,7,GS
1063,1793510.578,301030.823,-2.515,2,7,GS
1064,1793512.327,301032.399,-1.906,2,7,ROCK TOP
1065,1793512.561,301035.028,-1.788,2,7,ROCK TOP
1066,1793490.322,301037.212,-2.605,3,7,GS
1067,1793491.595,301040.045,-1.344,3,7,ROCK TOP
1068,1793491.619,301042.939,-1.357,3,7,ROCK TOP
1069,1793490.764,301046.608,-1.588,3,7,ROCK TOP
1070,1793490.84,301049.138,-1.443,3,7,ROCK TOP
1071,1793492.334,301050.199,-1.629,3,7,ROCK TOP
1072,1793492.573,301052.398,-1.556,3,7,ROCK TOP
1073,1793493.471,301053.33,-1.34,3,7,ROCK TOP
1074,1793494.374,301055.412,-1.549,3,7,ROCK TOP
1075,1793496.721,301057.74,-1.537,3,7,ROCK TOP
1076,1793496.653,301060.722,-1.867,3,7,ROCK TOP
1077,1793497.959,301062.847,-2.575,3,7,GS
1078,1793476.085,301068.836,-2.536,4,7,GS
1079,1793474.056,301064.228,-1.784,4,7,ROCK TOP
1080,1793473.214,301062.115,-1.509,4,7,ROCK TOP
1081,1793473.623,301059.681,-1.692,4,7,ROCK TOP
1082,1793473.142,301058.259,-1.524,4,7,ROCK TOP
1083,1793471.91,301055.851,-1.357,4,7,ROCK TOP
1084,1793472.11,301053.723,-1.61,4,7,ROCK TOP
1085,1793472.784,301052.283,-1.359,4,7,ROCK TOP
1086,1793471.18,301051.998,-1.59,4,7,ROCK TOP
1087,1793471.668,301049.234,-1.763,4,7,ROCK TOP
1088,1793471.135,301046.028,-1.736,4,7,ROCK TOP
1089,1793471.854,301042.314,-2.736,4,7,GS
1090,1793449.569,301046.219,-2.611,5,7,GS
1091,1793450.996,301049.667,-1.879,5,7,ROCK TOP
1092,1793451.734,301052.584,-1.726,5,7,ROCK TOP
1093,1793452.834,301054.013,-1.558,5,7,ROCK TOP
1094,1793452.894,301056.63,-1.638,5,7,ROCK TOP
1095,1793453.777,301058.097,-1.739,5,7,ROCK TOP
1096,1793454.162,301061.033,-1.773,5,7,ROCK TOP
1097,1793451.662,301061.651,-1.535,5,7,ROCK TOP
1098,1793452.994,301062.881,-1.661,5,7,ROCK TOP
1099,1793451.581,301065.253,-1.293,5,7,ROCK TOP
1100,1793452.99,301065.281,-1.626,5,7,ROCK TOP
1101,1793453.225,301067.06,-1.654,5,7,ROCK TOP
1102,1793454.868,301068.583,-1.731,5,7,ROCK TOP
1103,1793455.601,301070.852,-1.707,5,7,ROCK TOP
1104,1793456.341,301073.987,-2.614,5,7,GS
1105,1793429.836,301079.126,-2.548,6,7,GS
1106,1793430.765,301076.112,-1.395,6,7,ROCK TOP
1107,1793430.392,301075.697,-1.875,6,7,ROCK TOP
1108,1793429.938,301073.513,-1.494,6,7,ROCK TOP
1109,1793430.119,301071.303,-1.465,6,7,ROCK TOP
1110,1793429.476,301068.436,-1.533,6,7,ROCK TOP
1111,1793429.647,301067.311,-1.537,6,7,ROCK TOP
1112,1793428.306,301064.806,-1.47,6,7,ROCK TOP
1113,1793426.901,301064.106,-1.39,6,7,ROCK TOP
1114,1793429.58,301062.118,-1.518,6,7,ROCK TOP
1115,1793426.582,301061.092,-1.376,6,7,ROCK TOP
1116,1793426.775,301059.422,-1.718,6,7,ROCK TOP
1117,1793427.38,301058.128,-1.711,6,7,ROCK TOP
1118,1793425.46,301056.694,-1.401,6,7,ROCK TOP
1119,1793427.015,301052.87,-1.633,6,7,ROCK TOP
1120,1793426.641,301051.47,-2.594,6,7,GS
1121,1793386.32,301059.373,-2.86,7,7,GS
1122,1793385.613,301063.095,-1.453,7,7,ROCK TOP
1123,1793386.575,301065.733,-1.612,7,7,ROCK TOP
1124,1793387.951,301067.417,-1.682,7,7,ROCK TOP
1125,1793394.044,301068.561,-1.609,7,7,ROCK TOP
1126,1793390.968,301071.867,-1.392,7,7,ROCK TOP
1127,1793393.304,301074.567,-1.752,7,7,ROCK TOP
1128,1793393.852,301078.083,-1.781,7,7,ROCK TOP
1129,1793394.751,301081.389,-1.715,7,7,ROCK TOP
1130,1793396.632,301083.522,-1.699,7,7,ROCK TOP
1131,1793394.047,301089.858,-2.98,7,7,GS/END 7
1132,1793528.58,301236.731,-2.771,1,8A,GS/8 BEG
1133,1793526.65,301224.146,-2.696,1,8A,GS
1134,1793524.307,301227.855,-1.794,1,8A,ROCK TOP
1135,1793524.791,301230.12,-1.741,1,8A,ROCK TOP
1136,1793525.826,301232.173,-1.71,1,8A,ROCK TOP
1137,1793526.921,301235.2,-1.441,1,8A,ROCK TOP
1138,1793527.604,301237.851,-1.576,1,8A,ROCK TOP
1139,1793527.406,301242.284,-1.718,1,8A,ROCK TOP
1140,1793527.337,301247.296,-1.885,1,8A,ROCK TOP
1141,1793527.445,301251.479,-1.762,1,8A,ROCK TOP
1142,1793528.734,301254.601,-2.672,1,8A,GS
1143,1793485.797,301257.768,-2.296,2,8A,GS
1144,1793485.859,301253.795,-2.191,2,8A,GS
1145,1793486.85,301251.38,-1.489,2,8A,ROCK TOP
1146,1793486.101,301249.335,-1.426,2,8A,ROCK TOP
1147,1793484.644,301245.875,-1.343,2,8A,ROCK TOP
1148,1793487.392,301243.331,-1.562,2,8A,ROCK TOP
1149,1793487.031,301239.906,-1.686,2,8A,ROCK TOP
1150,1793486.739,301236.392,-1.721,2,8A,ROCK TOP
1151,1793486.021,301234.167,-1.338,2,8A,ROCK TOP
1152,1793486.003,301231.527,-1.676,2,8A,ROCK TOP
1153,1793485.476,301228.712,-1.221,2,8A,ROCK TOP
1154,1793484.775,301226.524,-1.655,2,8A,ROCK TOP
1155,1793484.457,301225.119,-2.589,2,8A,GS
1156,1793463.389,301229.236,-2.313,3,8A,GS
1157,1793461.863,301231.898,-1.377,3,8A,ROCK TOP
1158,1793462.447,301234.104,-1.541,3,8A,ROCK TOP
1159,1793461.738,301236.681,-1.582,3,8A,ROCK TOP
1160,1793461.08,301238.873,-1.498,3,8A,ROCK TOP
1161,1793462.265,301241.092,-1.64,3,8A,ROCK TOP
1162,1793462.624,301243.266,-1.518,3,8A,ROCK TOP
1163,1793462.761,301245.916,-1.556,3,8A,ROCK TOP
1164,1793462.921,301248.514,-1.557,3,8A,ROCK TOP
1165,1793463.172,301250.942,-1.565,3,8A,ROCK TOP
1166,1793461.433,301253.8,-1.435,3,8A,ROCK TOP
1167,1793462.538,301256.8,-1.75,3,8A,ROCK TOP
1168,1793465.499,301261.937,-2.121,3,8A,GS
1169,1793444.571,301261.903,-2.36,4,8A,GS
1170,1793444.666,301259.43,-1.913,4,8A,ROCK TOP
1171,1793444.64,301256.54,-1.344,4,8A,ROCK TOP
1172,1793443.45,301253.644,-1.584,4,8A,ROCK TOP
1173,1793442.749,301252.149,-1.402,4,8A,ROCK TOP
1174,1793443.563,301249.362,-1.387,4,8A,ROCK TOP
1175,1793442.256,301248.397,-1.321,4,8A,ROCK TOP
1176,1793442.648,301245.024,-1.356,4,8A,ROCK TOP
1177,1793443.076,301242.35,-1.512,4,8A,ROCK TOP
1178,1793441.397,301239.481,-1.839,4,8A,ROCK TOP
1179,1793440.81,301237.279,-1.466,4,8A,ROCK TOP
1180,1793441.56,301235.347,-1.813,4,8A,ROCK TOP
1181,1793440.655,301232.346,-1.444,4,8A,ROCK TOP
1182,1793440.792,301230.483,-2.323,4,8A,GS
1183,1793421.613,301232.748,-2.371,5,8A,GS
1184,1793422.03,301234.439,-1.51,5,8A,ROCK TOP
1185,1793421.707,301237.238,-1.493,5,8A,ROCK TOP
1186,1793419.712,301239.518,-1.439,5,8A,ROCK TOP
1187,1793419.4,301242.605,-1.48,5,8A,ROCK TOP
1188,1793418.935,301244.843,-1.562,5,8A,ROCK TOP
1189,1793419.721,301247.857,-1.492,5,8A,ROCK TOP
1190,1793418.877,301250.741,-1.411,5,8A,ROCK TOP
1191,1793418.022,301255.646,-1.344,5,8A,ROCK TOP
1192,1793417.839,301258.202,-1.312,5,8A,ROCK TOP
1193,1793417.984,301260.318,-1.68,5,8A,ROCK TOP
1194,1793418.221,301263.866,-2.343,5,8A,GS
1195,1793401.974,301265.46,-2.403,6,8A,GS
1196,1793402.105,301263.26,-1.812,6,8A,ROCK TOP 
1197,1793401.553,301260.142,-1.401,6,8A,ROCK TOP
1198,1793401.546,301257.179,-1.426,6,8A,ROCK TOP
1199,1793403.592,301256.903,-0.937,6,8A,ROCK TOP
1200,1793403.083,301253.992,-1.474,6,8A,ROCK TOP
1201,1793404.164,301252.462,-1.443,6,8A,ROCK TOP
1202,1793403.716,301250.338,-1.36,6,8A,ROCK TOP
1203,1793404.461,301245.995,-1.666,6,8A,ROCK TOP
1204,1793403.494,301243.672,-1.616,6,8A,ROCK TOP
1205,1793403.521,301241.834,-1.653,6,8A,ROCK TOP
1206,1793403.813,301238.964,-1.593,6,8A,ROCK TOP
1207,1793403.225,301237.128,-1.56,6,8A,ROCK TOP
1208,1793402.675,301234.796,-2.289,6,8A,GS
1209,1793381.253,301235.914,-2.383,7,8A,GS
1210,1793380.235,301237.832,-1.329,7,8A,ROCK TOP
1211,1793382.277,301239.835,-1.585,7,8A,ROCK TOP
1212,1793382.649,301243.025,-1.429,7,8A,ROCK TOP
1213,1793382.47,301246.474,-1.466,7,8A,ROCK TOP
1214,1793382.357,301250.979,-1.673,7,8A,ROCK TOP
1215,1793383.503,301254.373,-1.561,7,8A,ROCK TOP
1216,1793381.652,301256.452,-1.297,7,8A,ROCK TOP
1217,1793383.186,301259.148,-1.244,7,8A,ROCK TOP
1218,1793382.764,301261.584,-1.392,7,8A,ROCK TOP
1219,1793381.24,301263.272,-1.766,7,8A,ROCK TOP
1220,1793382.032,301265.194,-1.604,7,8A,ROCK TOP
1221,1793381.986,301268.141,-2.677,7,8A,GS
1222,1793346.218,301269.228,-2.495,8,8A,GS
1223,1793345.894,301268.124,-1.416,8,8A,ROCK TOP
1224,1793346.009,301265.42,-1.476,8,8A,ROCK TOP
1225,1793345.244,301263.554,-1.298,8,8A,ROCK TOP
1226,1793345.555,301260.288,-1.649,8,8A,ROCK TOP
1227,1793345.715,301256.77,-1.278,8,8A,ROCK TOP
1228,1793344.542,301253.95,-1.458,8,8A,ROCK TOP
1229,1793344.386,301251.215,-1.346,8,8A,ROCK TOP
1230,1793343.961,301249.07,-1.363,8,8A,ROCK TOP
1231,1793344.477,301247.048,-1.364,8,8A,ROCK TOP
1232,1793343.373,301244.315,-1.354,8,8A,ROCK TOP
1233,1793343.72,301241.462,-1.297,8,8A,ROCK TOP
1234,1793343.774,301238.315,-2.307,8,8A,GS
1235,1793327.202,301239.692,-2.352,9,8A,GS
1236,1793327.253,301241.101,-1.419,9,8A,ROCK TOP
1237,1793327.415,301244.236,-1.505,9,8A,ROCK TOP
1238,1793326.536,301245.431,-1.892,9,8A,ROCK TOP
1239,1793326.807,301247.855,-1.423,9,8A,ROCK TOP
1240,1793328.637,301249.978,-1.703,9,8A,ROCK TOP
1241,1793326.81,301251.471,-1.78,9,8A,ROCK TOP
1242,1793329.329,301254.215,-1.346,9,8A,ROCK TOP
1243,1793328.777,301255.824,-1.433,9,8A,ROCK TOP
1244,1793329.003,301257.553,-1.792,9,8A,ROCK TOP
1245,1793329.116,301259.638,-1.787,9,8A,ROCK TOP
1246,1793330.839,301260.62,-1.642,9,8A,ROCK TOP
1247,1793329.798,301264.613,-1.344,9,8A,ROCK TOP
1248,1793331.149,301267.228,-1.603,9,8A,ROCK TOP
1249,1793331.777,301269.915,-1.913,9,8A,ROCK TOP
1250,1793332.527,301272.878,-2.487,9,8A,GS
1251,1793282.942,301275.674,-1.084,10,8A,GS
1252,1793283.489,301272.102,-1.453,10,8A,GS
1253,1793287.733,301269.167,-1.368,10,8A,ROCK TOP
1254,1793283.262,301266.015,-1.342,10,8A,ROCK TOP
1255,1793282.316,301262.846,-1.361,10,8A,ROCK TOP
1256,1793283.412,301258.947,-1.509,10,8A,GS
1257,1793281.733,301255.593,-1.298,10,8A,ROCK TOP
1258,1793282.047,301252.594,-1.286,10,8A,ROCK TOP
1259,1793282.652,301250.501,-1.342,10,8A,ROCK TOP
1260,1793282.134,301247.87,-1.423,10,8A,ROCK TOP
1261,1793281.075,301244.994,-1.934,10,8A,GS
1262,1793280.658,301256.283,-1.953,10,8A,GS/END 8
