Date,Num,N,E,Elev,Transect,Element_id,Type
7/31/2018,5,1790988.082,303420.066,-1.673,9,11b,GS ROCK
7/31/2018,6,1790987.853,303418.649,-2.144,9,11b,GS ROCK
7/31/2018,7,1790985.472,303417.412,-2.206,9,11b,GS ROCK
7/31/2018,8,1790983.192,303416.954,-2.146,9,11b,GS ROCK
7/31/2018,9,1790981.15,303416.219,-1.982,9,11b,GS ROCK
7/31/2018,10,1790981.808,303414.191,-1.977,9,11b,GS ROCK
7/31/2018,11,1790980.108,303414.394,-1.95,9,11b,GS ROCK
7/31/2018,12,1790979.267,303413.242,-2.118,9,11b,GS ROCK
7/31/2018,13,1790979.129,303411.083,-2.177,9,11b,GS ROCK
7/31/2018,14,1790977.371,303409.784,-2.021,9,11b,GS ROCK
7/31/2018,15,1790974.958,303411.194,-1.332,9,11b,GS ROCK
7/31/2018,16,1790976.799,303408.005,-1.818,9,11b,GS ROCK
7/31/2018,17,1790974.517,303407.715,-1.864,9,11b,GS ROCK
7/31/2018,18,1790972.814,303406.493,-2.056,9,11b,GS ROCK
7/31/2018,19,1790973.238,303405.053,-1.902,9,11b,GS ROCK
7/31/2018,20,1790971.862,303405.806,-2.006,9,11b,GS ROCK
7/31/2018,25,1791008.836,303405.031,-1.757,8,11b,GS ROCK
7/31/2018,26,1791006.586,303401.965,-1.666,8,11b,GS ROCK
7/31/2018,27,1791002.957,303402.927,-1.936,8,11b,GS ROCK
7/31/2018,28,1791004.221,303399.812,-2.025,8,11b,GS ROCK
7/31/2018,29,1791002.834,303399.666,-2.123,8,11b,GS ROCK
7/31/2018,32,1790999.97,303394.516,-1.759,8,11b,GS ROCK
7/31/2018,33,1790998.159,303393.182,-1.802,8,11b,GS ROCK
7/31/2018,34,1790998.039,303391.379,-1.51,8,11b,GS ROCK
7/31/2018,35,1790995.968,303390.302,-1.999,8,11b,GS ROCK
7/31/2018,36,1790993.987,303387.954,-1.582,8,11b,GS ROCK
7/31/2018,37,1790993.964,303385.336,-1.955,8,11b,GS ROCK
7/31/2018,40,1791017.374,303362.288,-1.611,7,11b,GS ROCK
7/31/2018,41,1791017.946,303363.483,-1.673,7,11b,GS ROCK
7/31/2018,42,1791018.291,303364.731,-2.043,7,11b,GS ROCK
7/31/2018,43,1791019.886,303366.056,-2.033,7,11b,GS ROCK
7/31/2018,44,1791019.152,303367.475,-1.689,7,11b,GS ROCK
7/31/2018,45,1791019.77,303368.667,-1.765,7,11b,GS ROCK
7/31/2018,46,1791021.324,303368.374,-1.328,7,11b,GS ROCK
7/31/2018,47,1791022.502,303369.247,-1.499,7,11b,GS ROCK
7/31/2018,48,1791022.944,303370.624,-1.22,7,11b,GS ROCK
7/31/2018,49,1791023.993,303371.119,-1.256,7,11b,GS ROCK
7/31/2018,50,1791023.975,303372.243,-1.338,7,11b,GS ROCK
7/31/2018,51,1791024.409,303372.815,-1.275,7,11b,GS ROCK
7/31/2018,52,1791025.219,303373.863,-1.462,7,11b,GS ROCK
7/31/2018,53,1791024.744,303375.361,-1.372,7,11b,GS ROCK
7/31/2018,54,1791025.872,303375.812,-1.827,7,11b,GS ROCK
7/31/2018,55,1791028.732,303374.722,-1.467,7,11b,GS ROCK
7/31/2018,56,1791027.904,303376.456,-1.86,7,11b,GS ROCK
7/31/2018,57,1791029.403,303376.182,-1.611,7,11b,GS ROCK
7/31/2018,58,1791029.731,303377.668,-1.756,7,11b,GS ROCK
7/31/2018,59,1791030.714,303378.675,-1.707,7,11b,GS ROCK
7/31/2018,60,1791031.957,303379.459,-1.75,7,11b,GS ROCK
7/31/2018,61,1791033.416,303379.516,-1.522,7,11b,GS ROCK
7/31/2018,62,1791033.954,303380.773,-1.841,7,11b,GS ROCK
7/31/2018,63,1791035.028,303382.096,-1.469,7,11b,GS ROCK
7/31/2018,64,1791036.585,303383.543,-2.128,7,11b,GS ROCK
7/31/2018,67,1791077.374,303348.362,-1.554,6,11b,GS ROCK
7/31/2018,68,1791076.199,303346.664,-1.252,6,11b,GS ROCK
7/31/2018,69,1791076.506,303342.827,-1.304,6,11b,GS ROCK
7/31/2018,70,1791074.227,303342.116,-2.015,6,11b,GS ROCK
7/31/2018,71,1791073.752,303340.246,-1.663,6,11b,GS ROCK
7/31/2018,72,1791072.233,303337.317,-1.708,6,11b,GS ROCK
7/31/2018,73,1791071.657,303336.462,-1.641,6,11b,GS ROCK
7/31/2018,74,1791070.629,303335.621,-1.483,6,11b,GS ROCK
7/31/2018,75,1791070.441,303332.671,-1.627,6,11b,GS ROCK
7/31/2018,76,1791068.351,303332.492,-1.389,6,11b,GS ROCK
7/31/2018,77,1791067.279,303331.581,-1.326,6,11b,GS ROCK
7/31/2018,78,1791065.658,303329.141,-1.781,6,11b,GS ROCK
7/31/2018,79,1791066.464,303326.963,-1.721,6,11b,GS ROCK
7/31/2018,80,1791065.141,303325.369,-1.724,6,11b,GS ROCK
7/31/2018,81,1791063.35,303323.836,-1.505,6,11b,GS ROCK
7/31/2018,85,1791093.469,303299.361,-1.443,5,11b,GS ROCK
7/31/2018,86,1791095.915,303300.052,-1.412,5,11b,GS ROCK
7/31/2018,87,1791096.284,303301.594,-1.298,5,11b,GS ROCK
7/31/2018,88,1791096.932,303301.59,-1.456,5,11b,GS ROCK
7/31/2018,89,1791098.689,303301.249,-1.548,5,11b,GS ROCK
7/31/2018,90,1791098.896,303303.067,-1.438,5,11b,GS ROCK
7/31/2018,91,1791101.178,303303.692,-1.452,5,11b,GS ROCK
7/31/2018,92,1791099.643,303305.621,-1.609,5,11b,GS ROCK
7/31/2018,93,1791102.802,303305.921,-1.712,5,11b,GS ROCK
7/31/2018,94,1791101.429,303308.45,-1.752,5,11b,GS ROCK
7/31/2018,95,1791101.98,303309.608,-1.301,5,11b,GS ROCK
7/31/2018,96,1791103.447,303311.042,-1.258,5,11b,GS ROCK
7/31/2018,97,1791103.201,303312.506,-1.467,5,11b,GS ROCK
7/31/2018,98,1791104.194,303313.951,-1.468,5,11b,GS ROCK
7/31/2018,99,1791105.882,303313.203,-1.516,5,11b,GS ROCK
7/31/2018,100,1791106.773,303314.452,-1.373,5,11b,GS ROCK
7/31/2018,101,1791106.318,303316.532,-1.661,5,11b,GS ROCK
7/31/2018,102,1791107.515,303317.555,-1.79,5,11b,GS ROCK
7/31/2018,103,1791107.966,303319.021,-1.743,5,11b,GS ROCK
7/31/2018,106,1791146.152,303282.979,-1.344,4,11b,GS ROCK
7/31/2018,107,1791143.25,303282.053,-1.091,4,11b,GS ROCK
7/31/2018,108,1791141.34,303278.977,-1.608,4,11b,GS ROCK
7/31/2018,109,1791139.252,303279.035,-1.386,4,11b,GS ROCK
7/31/2018,110,1791137.476,303278.903,-1.413,4,11b,GS ROCK
7/31/2018,111,1791134.871,303278.963,-1.183,4,11b,GS ROCK
7/31/2018,112,1791135.236,303276.719,-1.024,4,11b,GS ROCK
7/31/2018,113,1791134.111,303276.094,-0.843,4,11b,GS ROCK
7/31/2018,114,1791133.074,303274.677,-1.249,4,11b,GS ROCK
7/31/2018,115,1791132.909,303272.941,-1.653,4,11b,GS ROCK
7/31/2018,116,1791132.001,303272.162,-1.179,4,11b,GS ROCK
7/31/2018,117,1791132.211,303270.196,-1.151,4,11b,GS ROCK
7/31/2018,118,1791130.617,303268.437,-1.028,4,11b,GS ROCK
7/31/2018,119,1791129.263,303267.644,-0.788,4,11b,GS ROCK
7/31/2018,120,1791130.059,303265.828,-0.63,4,11b,GS ROCK
7/31/2018,121,1791129.977,303263.161,-1.296,4,11b,GS ROCK
7/31/2018,122,1791130.55,303260.125,-1.423,4,11b,GS ROCK
7/31/2018,125,1791184.668,303205.593,-1.422,3,11b,GS ROCK
7/31/2018,126,1791186.34,303206.744,-1.44,3,11b,GS ROCK
7/31/2018,127,1791187.202,303207.541,-1.007,3,11b,GS ROCK
7/31/2018,128,1791187.311,303210.17,-1.116,3,11b,GS ROCK
7/31/2018,129,1791190.243,303213.397,-1.684,3,11b,GS ROCK
7/31/2018,130,1791191.272,303213.923,-1.206,3,11b,GS ROCK
7/31/2018,131,1791193.028,303214.269,-1.484,3,11b,GS ROCK
7/31/2018,132,1791193.986,303215.747,-1.597,3,11b,GS ROCK
7/31/2018,133,1791194.726,303216.616,-1.239,3,11b,GS ROCK
7/31/2018,134,1791197.314,303216.198,-1.557,3,11b,GS ROCK
7/31/2018,135,1791197.954,303218.187,-1.232,3,11b,GS ROCK
7/31/2018,136,1791197.379,303219.329,-0.667,3,11b,GS ROCK
7/31/2018,137,1791198.931,303220.46,-0.889,3,11b,GS ROCK
7/31/2018,138,1791200.955,303219.64,-1.107,3,11b,GS ROCK
7/31/2018,139,1791200.671,303221.833,-1.547,3,11b,GS ROCK
7/31/2018,140,1791200.817,303222.994,-1.017,3,11b,GS ROCK
7/31/2018,141,1791200.628,303224.253,-1.169,3,11b,GS ROCK
7/31/2018,142,1791203.92,303225.8,-1.201,3,11b,GS ROCK
7/31/2018,146,1791229.983,303198.523,-1.203,2,11b,GS ROCK
7/31/2018,147,1791228.492,303196.736,-1.501,2,11b,GS ROCK
7/31/2018,148,1791227.409,303196.435,-1.619,2,11b,GS ROCK
7/31/2018,149,1791225.996,303195.366,-1.442,2,11b,GS ROCK
7/31/2018,150,1791223.466,303194.435,-0.993,2,11b,GS ROCK
7/31/2018,151,1791221.802,303193.562,-1.369,2,11b,GS ROCK
7/31/2018,152,1791219.429,303192.762,-1.479,2,11b,GS ROCK
7/31/2018,153,1791217.338,303191.227,-1.134,2,11b,GS ROCK
7/31/2018,154,1791215.539,303188.686,-1.181,2,11b,GS ROCK
7/31/2018,155,1791215.178,303185.085,-1.064,2,11b,GS ROCK
7/31/2018,156,1791214.182,303185.817,-0.327,2,11b,GS ROCK
7/31/2018,157,1791214.271,303181.699,-1.283,2,11b,GS ROCK
7/31/2018,158,1791211.34,303182.338,-1.28,2,11b,GS ROCK
7/31/2018,161,1791289.01,303128.551,-1.338,1,11b,GS ROCK
7/31/2018,162,1791289.089,303129.719,-1.501,1,11b,GS ROCK
7/31/2018,163,1791287.544,303130.658,-0.857,1,11b,GS ROCK
7/31/2018,164,1791289.073,303131.971,-0.818,1,11b,GS ROCK
7/31/2018,165,1791288.98,303133.684,-1.285,1,11b,GS ROCK
7/31/2018,166,1791289.651,303134.481,-0.815,1,11b,GS ROCK
7/31/2018,167,1791291.791,303134.963,-1.11,1,11b,GS ROCK
7/31/2018,168,1791290.437,303137.334,-0.645,1,11b,GS ROCK
7/31/2018,169,1791290.359,303140.906,-0.847,1,11b,GS ROCK
7/31/2018,170,1791292.602,303141.496,-1.135,1,11b,GS ROCK
7/31/2018,171,1791291.121,303142.893,-1.424,1,11b,GS ROCK
7/31/2018,172,1791293.305,303145.137,-1.055,1,11b,GS ROCK
7/31/2018,173,1791295.82,303148.14,-1.143,1,11b,GS ROCK
7/31/2018,174,1791295.362,303151.451,-0.791,1,11b,GS ROCK
7/31/2018,175,1791297.462,303153.288,-1.339,1,11b,GS ROCK
7/31/2018,176,1791298.431,303155.716,-1.264,1,11b,GS ROCK
7/31/2018,179,1791785.712,302876.04,-1.462,1,10b,GS ROCK
7/31/2018,180,1791783.767,302876.98,-1.46,1,10b,GS ROCK
7/31/2018,181,1791782.253,302873.438,-1.002,1,10b,GS ROCK
7/31/2018,182,1791781.849,302871.969,-1.63,1,10b,GS ROCK
7/31/2018,183,1791780.085,302871.586,-1.339,1,10b,GS ROCK
7/31/2018,184,1791780.017,302869.735,-0.735,1,10b,GS ROCK
7/31/2018,185,1791778.017,302870.034,-1.319,1,10b,GS ROCK
7/31/2018,186,1791782.348,302866.192,-1.176,1,10b,GS ROCK
7/31/2018,187,1791778.075,302864.733,-1.4,1,10b,GS ROCK
7/31/2018,188,1791777.718,302862.385,-1.088,1,10b,GS ROCK
7/31/2018,189,1791773.019,302861.904,-1.39,1,10b,GS ROCK
7/31/2018,190,1791774.435,302859.723,-1.599,1,10b,GS ROCK
7/31/2018,191,1791771.966,302860.423,-1.555,1,10b,GS ROCK
7/31/2018,192,1791771.561,302857.337,-1.226,1,10b,GS ROCK
7/31/2018,195,1792612.784,301967.058,-1.152,2,9b,GS ROCK
7/31/2018,196,1792609.788,301969.729,-1.213,2,9b,GS ROCK
7/31/2018,197,1792609.47,301964.277,-1.226,2,9b,GS ROCK
7/31/2018,198,1792606.364,301964.265,-0.814,2,9b,GS ROCK
7/31/2018,199,1792604.779,301963.135,-1.59,2,9b,GS ROCK
7/31/2018,200,1792603.655,301961.885,-1.639,2,9b,GS ROCK
7/31/2018,201,1792601.352,301958.871,-1.514,2,9b,GS ROCK
7/31/2018,204,1792648.999,301897.291,-0.993,1,9b,GS ROCK
7/31/2018,205,1792650.06,301900.522,-1.136,1,9b,GS ROCK
7/31/2018,206,1792651.914,301902.603,-1.09,1,9b,GS ROCK
7/31/2018,207,1792651.606,301904.559,-1.158,1,9b,GS ROCK
7/31/2018,208,1792652.365,301906.173,-1.047,1,9b,GS ROCK
7/31/2018,209,1792656.039,301908.158,-1.259,1,9b,GS ROCK
7/31/2018,210,1792657.115,301909.357,-1.08,1,9b,GS ROCK
7/31/2018,211,1792658.984,301908.538,-0.827,1,9b,GS ROCK
7/31/2018,212,1792663.146,301911.566,-0.582,1,9b,GS ROCK
7/31/2018,213,1792665.202,301913.707,-0.588,1,9b,GS ROCK
7/31/2018,214,1792666.206,301916.722,-1.066,1,9b,GS ROCK
7/31/2018,217,1793487.119,301251.712,-1.264,1,8a,GS ROCK
7/31/2018,218,1793485.647,301249.491,-1.128,1,8a,GS ROCK
7/31/2018,219,1793485.311,301247.487,-1.459,1,8a,GS ROCK
7/31/2018,220,1793484.383,301246.124,-1.129,1,8a,GS ROCK
7/31/2018,221,1793485.25,301244.227,-0.73,1,8a,GS ROCK
7/31/2018,222,1793485.512,301243.032,-1.075,1,8a,GS ROCK
7/31/2018,223,1793485.694,301240.7,-1.173,1,8a,GS ROCK
7/31/2018,224,1793483.165,301239.285,-0.815,1,8a,GS ROCK
7/31/2018,225,1793484.547,301235.957,-1.043,1,8a,GS ROCK
7/31/2018,226,1793485.942,301233.995,-0.92,1,8a,GS ROCK
7/31/2018,227,1793484.656,301232.784,-1.252,1,8a,GS ROCK
7/31/2018,228,1793487.053,301232.303,-1.091,1,8a,GS ROCK
7/31/2018,229,1793484.661,301230.27,-1.15,1,8a,GS ROCK
7/31/2018,230,1793483.718,301229.231,-1.118,1,8a,GS ROCK
7/31/2018,233,1793520.122,301053.706,-1.541,1,7,GS ROCK
7/31/2018,234,1793518.737,301052.051,-1.647,1,7,GS ROCK
7/31/2018,235,1793518.487,301050.901,-1.31,1,7,GS ROCK
7/31/2018,236,1793515.374,301049.496,-0.716,1,7,GS ROCK
7/31/2018,237,1793515.036,301046.98,-1.007,1,7,GS ROCK
7/31/2018,238,1793514.046,301046.716,-0.482,1,7,GS ROCK
7/31/2018,239,1793513.875,301045.295,-0.683,1,7,GS ROCK
7/31/2018,240,1793511.053,301043.697,-1.285,1,7,GS ROCK
7/31/2018,241,1793511.962,301039.655,-1.163,1,7,GS ROCK
7/31/2018,242,1793511.96,301037.974,-1.411,1,7,GS ROCK
7/31/2018,243,1793510.356,301036.122,-0.721,1,7,GS ROCK
7/31/2018,244,1793507.451,301033.534,-1.55,1,7,GS ROCK
7/31/2018,247,1793755.528,300833.477,-1.514,1,5,GS ROCK
7/31/2018,248,1793750.156,300830.935,-1.267,1,5,GS ROCK
7/31/2018,249,1793747.853,300832.189,-1.324,1,5,GS ROCK
7/31/2018,250,1793745.011,300831.95,-1.099,1,5,GS ROCK
7/31/2018,251,1793743.329,300832.613,-1.702,1,5,GS ROCK
7/31/2018,252,1793741.978,300832.301,-1.194,1,5,GS ROCK
7/31/2018,253,1793740.233,300833.608,-1.727,1,5,GS ROCK
7/31/2018,254,1793737.105,300835.29,-1.375,1,5,GS ROCK
7/31/2018,255,1793734.121,300830.409,0,GS DIRT,5,GS DIRT
8/8/2018,256,1790024.763,304173.2125,-2.86813,1,13,GS
8/8/2018,257,1790029.701,304178.4726,-1.72266,1,13,GS ROCK
8/8/2018,258,1790031.303,304178.9574,-1.71312,1,13,GS ROCK
8/8/2018,259,1790031.764,304179.443,-1.49907,1,13,GS ROCK
8/8/2018,260,1790032.368,304180.8823,-1.89724,1,13,GS ROCK
8/8/2018,261,1790033.096,304183.5509,-1.66525,1,13,GS ROCK
8/8/2018,262,1790033.958,304185.2752,-1.91326,1,13,GS ROCK
8/8/2018,263,1790034.901,304186.1904,-1.95208,1,13,GS ROCK
8/8/2018,264,1790035.384,304187.5559,-1.90567,1,13,GS ROCK
8/8/2018,265,1790035.86,304188.5825,-1.80231,1,13,GS ROCK
8/8/2018,266,1790036.559,304191.1379,-1.87761,1,13,GS ROCK
8/8/2018,267,1790038.193,304191.6881,-1.60963,1,13,GS ROCK
8/8/2018,268,1790038.805,304192.6098,-1.77775,1,13,GS ROCK
8/8/2018,269,1790039.69,304193.5784,-2.248,1,13,GS ROCK
8/8/2018,270,1790041.278,304195.1146,-2.0544,1,13,GS ROCK
8/8/2018,271,1790042.371,304196.6997,-2.82404,1,13,GS
8/8/2018,272,1790073.445,304137.5569,-2.95608,2,13,GS
8/8/2018,273,1790073.993,304138.9351,-2.11504,2,13,GS ROCK
8/8/2018,274,1790075.19,304139.7953,-2.09966,2,13,GS ROCK
8/8/2018,275,1790075.612,304140.2579,-2.01976,2,13,GS ROCK
8/8/2018,276,1790076.316,304141.2217,-2.02504,2,13,GS ROCK
8/8/2018,277,1790077.441,304142.8069,-2.08181,2,13,GS ROCK
8/8/2018,278,1790077.807,304143.5631,-1.96247,2,13,GS ROCK
8/8/2018,279,1790078.198,304144.7947,-1.99677,2,13,GS ROCK
8/8/2018,280,1790078.962,304145.357,-2.02852,2,13,GS ROCK
8/8/2018,281,1790080.349,304146.1274,-1.95117,2,13,GS ROCK
8/8/2018,282,1790081.409,304146.1604,-2.02814,2,13,GS ROCK
8/8/2018,283,1790082.22,304147.7077,-1.95855,2,13,GS ROCK
8/8/2018,284,1790082.985,304148.4283,-1.68335,2,13,GS ROCK
8/8/2018,285,1790083.254,304148.6289,-1.64333,2,13,GS ROCK
8/8/2018,286,1790083.798,304149.5156,-1.7448,2,13,GS ROCK
8/8/2018,287,1790084.713,304150.1419,-1.6259,2,13,GS ROCK
8/8/2018,288,1790084.794,304151.2848,-1.95695,2,13,GS ROCK
8/8/2018,289,1790086.038,304151.7743,-1.82181,2,13,GS ROCK
8/8/2018,290,1790086.605,304153.1582,-1.87241,2,13,GS ROCK
8/8/2018,291,1790087.188,304153.1627,-1.72421,2,13,GS ROCK
8/8/2018,292,1790088.145,304153.5879,-1.90875,2,13,GS ROCK
8/8/2018,293,1790088.441,304154.2523,-1.81387,2,13,GS ROCK
8/8/2018,294,1790089.062,304155.3834,-1.65261,2,13,GS ROCK
8/8/2018,295,1790089.502,304155.9375,-1.9072,2,13,GS ROCK
8/8/2018,296,1790090.181,304156.3516,-1.56822,2,13,GS ROCK
8/8/2018,297,1790090.669,304156.9115,-1.72124,2,13,GS ROCK
8/8/2018,298,1790091.513,304158.0534,-1.67966,2,13,GS ROCK
8/8/2018,299,1790091.889,304158.3296,-1.90676,2,13,GS ROCK
8/8/2018,300,1790092.373,304159.2373,-2.38747,2,13,GS ROCK
8/8/2018,301,1790092.866,304159.6475,-2.91253,2,13,GS
8/8/2018,302,1790144.09,304118.8109,-2.67421,3,13,GS
8/8/2018,303,1790143.294,304118.7544,-2.04112,3,13,GS ROCK
8/8/2018,304,1790142.165,304117.2156,-1.56893,3,13,GS ROCK
8/8/2018,305,1790142.077,304116.5802,-2.05598,3,13,GS ROCK
8/8/2018,306,1790141.975,304116.1367,-1.76124,3,13,GS ROCK
8/8/2018,307,1790142.068,304114.4045,-1.58606,3,13,GS ROCK
8/8/2018,308,1790141.794,304113.4965,-1.5436,3,13,GS ROCK
8/8/2018,309,1790140.428,304110.5318,-1.74976,3,13,GS ROCK
8/8/2018,310,1790139.028,304110.3321,-2.02521,3,13,GS ROCK
8/8/2018,311,1790137.671,304108.8981,-2.19247,3,13,GS ROCK
8/8/2018,312,1790137.866,304107.8147,-2.29873,3,13,GS ROCK
8/8/2018,313,1790136.946,304106.6596,-2.25666,3,13,GS ROCK
8/8/2018,314,1790135.343,304106.0581,-2.0015,3,13,GS ROCK
8/8/2018,315,1790134.022,304104.8777,-2.22861,3,13,GS ROCK
8/8/2018,316,1790130.954,304101.6516,-1.8656,3,13,GS ROCK
8/8/2018,317,1790129.487,304099.0824,-1.7835,3,13,GS ROCK
8/8/2018,318,1790128.757,304098.3161,-2.12978,3,13,GS ROCK
8/8/2018,319,1790125.904,304095.9336,-2.83474,3,13,GS
8/8/2018,320,1790165.422,304064.4113,-2.84584,4,13,GS
8/8/2018,321,1790166.434,304065.2188,-2.03555,4,13,GS ROCK
8/8/2018,322,1790167.517,304066.6025,-2.15526,4,13,GS ROCK
8/8/2018,323,1790168.231,304068.149,-1.83238,4,13,GS ROCK
8/8/2018,324,1790170.078,304069.7909,-2.0061,4,13,GS ROCK
8/8/2018,325,1790170.659,304071.8666,-2.20189,4,13,GS ROCK
8/8/2018,326,1790171.18,304073.0108,-1.89097,4,13,GS ROCK
8/8/2018,327,1790171.899,304072.9713,-1.8817,4,13,GS ROCK
8/8/2018,328,1790172.486,304075.4669,-2.18458,4,13,GS ROCK
8/8/2018,329,1790173.029,304075.6917,-2.02531,4,13,GS ROCK
8/8/2018,330,1790174.08,304076.6304,-1.96136,4,13,GS ROCK
8/8/2018,331,1790175.326,304077.9361,-2.0497,4,13,GS ROCK
8/8/2018,332,1790175.399,304078.8562,-1.74018,4,13,GS ROCK
8/8/2018,333,1790175.816,304080.0379,-1.63877,4,13,GS ROCK
8/8/2018,334,1790177.036,304080.1613,-1.94288,4,13,GS ROCK
8/8/2018,335,1790177.134,304081.5922,-2.1845,4,13,GS ROCK
8/8/2018,336,1790177.895,304082.6494,-2.17144,4,13,GS ROCK
8/8/2018,337,1790179.098,304084.3384,-1.76528,4,13,GS ROCK
8/8/2018,338,1790179.228,304084.9228,-2.06939,4,13,GS ROCK
8/8/2018,339,1790179.838,304086.0813,-1.9118,4,13,GS ROCK
8/8/2018,340,1790178.948,304086.6061,-2.03992,4,13,GS ROCK
8/8/2018,341,1790180.616,304088.3091,-1.57343,4,13,GS ROCK
8/8/2018,342,1790180.516,304089.6857,-1.87032,4,13,GS ROCK
8/8/2018,343,1790181.779,304091.3829,-2.55153,4,13,GS
8/8/2018,344,1790222.662,304059.2357,-2.73411,5,13,GS
8/8/2018,345,1790221.706,304058.4039,-1.76102,5,13,GS ROCK
8/8/2018,346,1790221.483,304057.6749,-1.88502,5,13,GS ROCK
8/8/2018,347,1790221.443,304056.8463,-1.71453,5,13,GS ROCK
8/8/2018,348,1790219.556,304054.5922,-1.8061,5,13,GS ROCK
8/8/2018,349,1790219.645,304053.8357,-1.73403,5,13,GS ROCK
8/8/2018,350,1790218.412,304052.9141,-1.58335,5,13,GS ROCK
8/8/2018,351,1790218.163,304053.4158,-1.56604,5,13,GS ROCK
8/8/2018,352,1790217.435,304052.8032,-1.82335,5,13,GS ROCK
8/8/2018,353,1790217.106,304052.0122,-1.42437,5,13,GS ROCK
8/8/2018,354,1790216.743,304050.8622,-1.63098,5,13,GS ROCK
8/8/2018,355,1790215.5,304051.0506,-1.84382,5,13,GS ROCK
8/8/2018,356,1790214.965,304050.4917,-1.52155,5,13,GS ROCK
8/8/2018,357,1790214.567,304049.2904,-1.66026,5,13,GS ROCK
8/8/2018,358,1790214.867,304048.6471,-1.54558,5,13,GS ROCK
8/8/2018,359,1790214.353,304047.6486,-1.54782,5,13,GS ROCK
8/8/2018,360,1790213.685,304047.1736,-1.76703,5,13,GS ROCK
8/8/2018,361,1790212.813,304046.2415,-1.76747,5,13,GS ROCK
8/8/2018,362,1790211.944,304045.5648,-2.03746,5,13,GS ROCK
8/8/2018,363,1790210.995,304043.7216,-2.0234,5,13,GS ROCK
8/8/2018,364,1790210.016,304043.6126,-1.72577,5,13,GS ROCK
8/8/2018,365,1790209.615,304043.3457,-1.80599,5,13,GS ROCK
8/8/2018,366,1790209.035,304042.2144,-2.1394,5,13,GS ROCK
8/8/2018,367,1790208.837,304041.5531,-1.71316,5,13,GS ROCK
8/8/2018,368,1790207.728,304041.3533,-1.95009,5,13,GS ROCK
8/8/2018,369,1790206.34,304041.0949,-2.2717,5,13,GS ROCK
8/8/2018,370,1790207.151,304039.3829,-1.93902,5,13,GS ROCK
8/8/2018,371,1790207.02,304037.5146,-1.73803,5,13,GS ROCK
8/8/2018,372,1790206.725,304037.2179,-1.76376,5,13,GS ROCK
8/8/2018,373,1790205.815,304036.3846,-1.84649,5,13,GS ROCK
8/8/2018,374,1790204.869,304036.1578,-1.99478,5,13,GS ROCK
8/8/2018,375,1790203.991,304035.4283,-2.52636,5,13,GS
8/8/2018,376,1790240.702,304003.2309,-2.61,6,13,GS
8/8/2018,377,1790241.496,304004.2334,-1.83166,6,13,GS ROCK
8/8/2018,378,1790241.837,304005.6714,-1.56467,6,13,GS ROCK
8/8/2018,379,1790242.238,304006.3265,-1.94007,6,13,GS ROCK
8/8/2018,380,1790243.503,304007.7918,-1.68467,6,13,GS ROCK
8/8/2018,381,1790243.978,304009.1491,-1.78975,6,13,GS ROCK
8/8/2018,382,1790245.084,304010.9435,-1.81976,6,13,GS ROCK
8/8/2018,383,1790244.821,304014.7118,-2.23456,6,13,GS ROCK
8/8/2018,384,1790245.49,304015.7216,-2.06927,6,13,GS ROCK
8/8/2018,385,1790247.096,304017.1286,-2.12429,6,13,GS ROCK
8/8/2018,386,1790249.731,304017.6692,-2.13982,6,13,GS ROCK
8/8/2018,387,1790249.464,304020.1143,-1.72077,6,13,GS ROCK
8/8/2018,388,1790250.917,304021.0081,-1.9903,6,13,GS ROCK
8/8/2018,389,1790251.285,304022.0761,-1.72153,6,13,GS ROCK
8/8/2018,390,1790251.619,304023.4891,-2.11576,6,13,GS ROCK
8/8/2018,391,1790252.492,304023.7522,-2.2603,6,13,GS ROCK
8/8/2018,392,1790252.735,304024.6315,-1.81006,6,13,GS ROCK
8/8/2018,393,1790252.106,304025.9844,-1.63101,6,13,GS ROCK
8/8/2018,394,1790253.022,304026.4485,-1.66571,6,13,GS ROCK
8/8/2018,395,1790254.245,304026.4707,-1.50829,6,13,GS ROCK
8/8/2018,396,1790254.61,304028.2158,-1.99615,6,13,GS ROCK
8/8/2018,397,1790261.47,304026.5415,-2.99973,6,13,GS
8/8/2018,398,1790301.597,303999.0085,-3.36319,7,13,GS
8/8/2018,399,1790300.549,303999.2736,-1.97995,7,13,GS ROCK
8/8/2018,400,1790300.528,303997.6924,-2.44829,7,13,GS ROCK
8/8/2018,401,1790301.025,303996.5718,-2.35855,7,13,GS ROCK
8/8/2018,402,1790300.281,303995.9415,-2.3238,7,13,GS ROCK
8/8/2018,403,1790300.191,303994.239,-1.69883,7,13,GS ROCK
8/8/2018,404,1790298.661,303993.0849,-1.82152,7,13,GS ROCK
8/8/2018,405,1790298.71,303992.5828,-2.0506,7,13,GS ROCK
8/8/2018,406,1790297.723,303991.8744,-2.27461,7,13,GS ROCK
8/8/2018,407,1790297.166,303990.4524,-1.84202,7,13,GS ROCK
8/8/2018,408,1790294.893,303989.5098,-2.2273,7,13,GS ROCK
8/8/2018,409,1790293.232,303988.5867,-1.80991,7,13,GS ROCK
8/8/2018,410,1790292.83,303987.2041,-1.69362,7,13,GS ROCK
8/8/2018,411,1790292.22,303984.3976,-2.10219,7,13,GS ROCK
8/8/2018,412,1790290.296,303983.421,-1.65285,7,13,GS ROCK
8/8/2018,413,1790289.672,303981.2939,-1.98332,7,13,GS ROCK
8/8/2018,414,1790286.827,303978.5231,-2.2061,7,13,GS ROCK
8/8/2018,415,1790285.061,303977.3618,-2.13032,7,13,GS ROCK
8/8/2018,416,1790283.436,303973.9749,-3.07643,7,13,GS
