Date,Num,N,E,Elev,Transect,Element_id,Type,Version
7/31/2018,5,1790988.082,303420.066,-1.673,9,11b,GS ROCK,1
7/31/2018,6,1790987.853,303418.649,-2.144,9,11b,GS ROCK,1
7/31/2018,7,1790985.472,303417.412,-2.206,9,11b,GS ROCK,1
7/31/2018,8,1790983.192,303416.954,-2.146,9,11b,GS ROCK,1
7/31/2018,9,1790981.15,303416.219,-1.982,9,11b,GS ROCK,1
7/31/2018,10,1790981.808,303414.191,-1.977,9,11b,GS ROCK,1
7/31/2018,11,1790980.108,303414.394,-1.95,9,11b,GS ROCK,1
7/31/2018,12,1790979.267,303413.242,-2.118,9,11b,GS ROCK,1
7/31/2018,13,1790979.129,303411.083,-2.177,9,11b,GS ROCK,1
7/31/2018,14,1790977.371,303409.784,-2.021,9,11b,GS ROCK,1
7/31/2018,15,1790974.958,303411.194,-1.332,9,11b,GS ROCK,1
7/31/2018,16,1790976.799,303408.005,-1.818,9,11b,GS ROCK,1
7/31/2018,17,1790974.517,303407.715,-1.864,9,11b,GS ROCK,1
7/31/2018,18,1790972.814,303406.493,-2.056,9,11b,GS ROCK,1
7/31/2018,19,1790973.238,303405.053,-1.902,9,11b,GS ROCK,1
7/31/2018,20,1790971.862,303405.806,-2.006,9,11b,GS ROCK,1
7/31/2018,25,1791008.836,303405.031,-1.757,8,11b,GS ROCK,1
7/31/2018,26,1791006.586,303401.965,-1.666,8,11b,GS ROCK,1
7/31/2018,27,1791002.957,303402.927,-1.936,8,11b,GS ROCK,1
7/31/2018,28,1791004.221,303399.812,-2.025,8,11b,GS ROCK,1
7/31/2018,29,1791002.834,303399.666,-2.123,8,11b,GS ROCK,1
7/31/2018,32,1790999.97,303394.516,-1.759,8,11b,GS ROCK,1
7/31/2018,33,1790998.159,303393.182,-1.802,8,11b,GS ROCK,1
7/31/2018,34,1790998.039,303391.379,-1.51,8,11b,GS ROCK,1
7/31/2018,35,1790995.968,303390.302,-1.999,8,11b,GS ROCK,1
7/31/2018,36,1790993.987,303387.954,-1.582,8,11b,GS ROCK,1
7/31/2018,37,1790993.964,303385.336,-1.955,8,11b,GS ROCK,1
7/31/2018,40,1791017.374,303362.288,-1.611,7,11b,GS ROCK,1
7/31/2018,41,1791017.946,303363.483,-1.673,7,11b,GS ROCK,1
7/31/2018,42,1791018.291,303364.731,-2.043,7,11b,GS ROCK,1
7/31/2018,43,1791019.886,303366.056,-2.033,7,11b,GS ROCK,1
7/31/2018,44,1791019.152,303367.475,-1.689,7,11b,GS ROCK,1
7/31/2018,45,1791019.77,303368.667,-1.765,7,11b,GS ROCK,1
7/31/2018,46,1791021.324,303368.374,-1.328,7,11b,GS ROCK,1
7/31/2018,47,1791022.502,303369.247,-1.499,7,11b,GS ROCK,1
7/31/2018,48,1791022.944,303370.624,-1.22,7,11b,GS ROCK,1
7/31/2018,49,1791023.993,303371.119,-1.256,7,11b,GS ROCK,1
7/31/2018,50,1791023.975,303372.243,-1.338,7,11b,GS ROCK,1
7/31/2018,51,1791024.409,303372.815,-1.275,7,11b,GS ROCK,1
7/31/2018,52,1791025.219,303373.863,-1.462,7,11b,GS ROCK,1
7/31/2018,53,1791024.744,303375.361,-1.372,7,11b,GS ROCK,1
7/31/2018,54,1791025.872,303375.812,-1.827,7,11b,GS ROCK,1
7/31/2018,55,1791028.732,303374.722,-1.467,7,11b,GS ROCK,1
7/31/2018,56,1791027.904,303376.456,-1.86,7,11b,GS ROCK,1
7/31/2018,57,1791029.403,303376.182,-1.611,7,11b,GS ROCK,1
7/31/2018,58,1791029.731,303377.668,-1.756,7,11b,GS ROCK,1
7/31/2018,59,1791030.714,303378.675,-1.707,7,11b,GS ROCK,1
7/31/2018,60,1791031.957,303379.459,-1.75,7,11b,GS ROCK,1
7/31/2018,61,1791033.416,303379.516,-1.522,7,11b,GS ROCK,1
7/31/2018,62,1791033.954,303380.773,-1.841,7,11b,GS ROCK,1
7/31/2018,63,1791035.028,303382.096,-1.469,7,11b,GS ROCK,1
7/31/2018,64,1791036.585,303383.543,-2.128,7,11b,GS ROCK,1
7/31/2018,67,1791077.374,303348.362,-1.554,6,11b,GS ROCK,1
7/31/2018,68,1791076.199,303346.664,-1.252,6,11b,GS ROCK,1
7/31/2018,69,1791076.506,303342.827,-1.304,6,11b,GS ROCK,1
7/31/2018,70,1791074.227,303342.116,-2.015,6,11b,GS ROCK,1
7/31/2018,71,1791073.752,303340.246,-1.663,6,11b,GS ROCK,1
7/31/2018,72,1791072.233,303337.317,-1.708,6,11b,GS ROCK,1
7/31/2018,73,1791071.657,303336.462,-1.641,6,11b,GS ROCK,1
7/31/2018,74,1791070.629,303335.621,-1.483,6,11b,GS ROCK,1
7/31/2018,75,1791070.441,303332.671,-1.627,6,11b,GS ROCK,1
7/31/2018,76,1791068.351,303332.492,-1.389,6,11b,GS ROCK,1
7/31/2018,77,1791067.279,303331.581,-1.326,6,11b,GS ROCK,1
7/31/2018,78,1791065.658,303329.141,-1.781,6,11b,GS ROCK,1
7/31/2018,79,1791066.464,303326.963,-1.721,6,11b,GS ROCK,1
7/31/2018,80,1791065.141,303325.369,-1.724,6,11b,GS ROCK,1
7/31/2018,81,1791063.35,303323.836,-1.505,6,11b,GS ROCK,1
7/31/2018,85,1791093.469,303299.361,-1.443,5,11b,GS ROCK,1
7/31/2018,86,1791095.915,303300.052,-1.412,5,11b,GS ROCK,1
7/31/2018,87,1791096.284,303301.594,-1.298,5,11b,GS ROCK,1
7/31/2018,88,1791096.932,303301.59,-1.456,5,11b,GS ROCK,1
7/31/2018,89,1791098.689,303301.249,-1.548,5,11b,GS ROCK,1
7/31/2018,90,1791098.896,303303.067,-1.438,5,11b,GS ROCK,1
7/31/2018,91,1791101.178,303303.692,-1.452,5,11b,GS ROCK,1
7/31/2018,92,1791099.643,303305.621,-1.609,5,11b,GS ROCK,1
7/31/2018,93,1791102.802,303305.921,-1.712,5,11b,GS ROCK,1
7/31/2018,94,1791101.429,303308.45,-1.752,5,11b,GS ROCK,1
7/31/2018,95,1791101.98,303309.608,-1.301,5,11b,GS ROCK,1
7/31/2018,96,1791103.447,303311.042,-1.258,5,11b,GS ROCK,1
7/31/2018,97,1791103.201,303312.506,-1.467,5,11b,GS ROCK,1
7/31/2018,98,1791104.194,303313.951,-1.468,5,11b,GS ROCK,1
7/31/2018,99,1791105.882,303313.203,-1.516,5,11b,GS ROCK,1
7/31/2018,100,1791106.773,303314.452,-1.373,5,11b,GS ROCK,1
7/31/2018,101,1791106.318,303316.532,-1.661,5,11b,GS ROCK,1
7/31/2018,102,1791107.515,303317.555,-1.79,5,11b,GS ROCK,1
7/31/2018,103,1791107.966,303319.021,-1.743,5,11b,GS ROCK,1
7/31/2018,106,1791146.152,303282.979,-1.344,4,11b,GS ROCK,1
7/31/2018,107,1791143.25,303282.053,-1.091,4,11b,GS ROCK,1
7/31/2018,108,1791141.34,303278.977,-1.608,4,11b,GS ROCK,1
7/31/2018,109,1791139.252,303279.035,-1.386,4,11b,GS ROCK,1
7/31/2018,110,1791137.476,303278.903,-1.413,4,11b,GS ROCK,1
7/31/2018,111,1791134.871,303278.963,-1.183,4,11b,GS ROCK,1
7/31/2018,112,1791135.236,303276.719,-1.024,4,11b,GS ROCK,1
7/31/2018,113,1791134.111,303276.094,-0.843,4,11b,GS ROCK,1
7/31/2018,114,1791133.074,303274.677,-1.249,4,11b,GS ROCK,1
7/31/2018,115,1791132.909,303272.941,-1.653,4,11b,GS ROCK,1
7/31/2018,116,1791132.001,303272.162,-1.179,4,11b,GS ROCK,1
7/31/2018,117,1791132.211,303270.196,-1.151,4,11b,GS ROCK,1
7/31/2018,118,1791130.617,303268.437,-1.028,4,11b,GS ROCK,1
7/31/2018,119,1791129.263,303267.644,-0.788,4,11b,GS ROCK,1
7/31/2018,120,1791130.059,303265.828,-0.63,4,11b,GS ROCK,1
7/31/2018,121,1791129.977,303263.161,-1.296,4,11b,GS ROCK,1
7/31/2018,122,1791130.55,303260.125,-1.423,4,11b,GS ROCK,1
7/31/2018,125,1791184.668,303205.593,-1.422,3,11b,GS ROCK,1
7/31/2018,126,1791186.34,303206.744,-1.44,3,11b,GS ROCK,1
7/31/2018,127,1791187.202,303207.541,-1.007,3,11b,GS ROCK,1
7/31/2018,128,1791187.311,303210.17,-1.116,3,11b,GS ROCK,1
7/31/2018,129,1791190.243,303213.397,-1.684,3,11b,GS ROCK,1
7/31/2018,130,1791191.272,303213.923,-1.206,3,11b,GS ROCK,1
7/31/2018,131,1791193.028,303214.269,-1.484,3,11b,GS ROCK,1
7/31/2018,132,1791193.986,303215.747,-1.597,3,11b,GS ROCK,1
7/31/2018,133,1791194.726,303216.616,-1.239,3,11b,GS ROCK,1
7/31/2018,134,1791197.314,303216.198,-1.557,3,11b,GS ROCK,1
7/31/2018,135,1791197.954,303218.187,-1.232,3,11b,GS ROCK,1
7/31/2018,136,1791197.379,303219.329,-0.667,3,11b,GS ROCK,1
7/31/2018,137,1791198.931,303220.46,-0.889,3,11b,GS ROCK,1
7/31/2018,138,1791200.955,303219.64,-1.107,3,11b,GS ROCK,1
7/31/2018,139,1791200.671,303221.833,-1.547,3,11b,GS ROCK,1
7/31/2018,140,1791200.817,303222.994,-1.017,3,11b,GS ROCK,1
7/31/2018,141,1791200.628,303224.253,-1.169,3,11b,GS ROCK,1
7/31/2018,142,1791203.92,303225.8,-1.201,3,11b,GS ROCK,1
7/31/2018,146,1791229.983,303198.523,-1.203,2,11b,GS ROCK,1
7/31/2018,147,1791228.492,303196.736,-1.501,2,11b,GS ROCK,1
7/31/2018,148,1791227.409,303196.435,-1.619,2,11b,GS ROCK,1
7/31/2018,149,1791225.996,303195.366,-1.442,2,11b,GS ROCK,1
7/31/2018,150,1791223.466,303194.435,-0.993,2,11b,GS ROCK,1
7/31/2018,151,1791221.802,303193.562,-1.369,2,11b,GS ROCK,1
7/31/2018,152,1791219.429,303192.762,-1.479,2,11b,GS ROCK,1
7/31/2018,153,1791217.338,303191.227,-1.134,2,11b,GS ROCK,1
7/31/2018,154,1791215.539,303188.686,-1.181,2,11b,GS ROCK,1
7/31/2018,155,1791215.178,303185.085,-1.064,2,11b,GS ROCK,1
7/31/2018,156,1791214.182,303185.817,-0.327,2,11b,GS ROCK,1
7/31/2018,157,1791214.271,303181.699,-1.283,2,11b,GS ROCK,1
7/31/2018,158,1791211.34,303182.338,-1.28,2,11b,GS ROCK,1
7/31/2018,161,1791289.01,303128.551,-1.338,1,11b,GS ROCK,1
7/31/2018,162,1791289.089,303129.719,-1.501,1,11b,GS ROCK,1
7/31/2018,163,1791287.544,303130.658,-0.857,1,11b,GS ROCK,1
7/31/2018,164,1791289.073,303131.971,-0.818,1,11b,GS ROCK,1
7/31/2018,165,1791288.98,303133.684,-1.285,1,11b,GS ROCK,1
7/31/2018,166,1791289.651,303134.481,-0.815,1,11b,GS ROCK,1
7/31/2018,167,1791291.791,303134.963,-1.11,1,11b,GS ROCK,1
7/31/2018,168,1791290.437,303137.334,-0.645,1,11b,GS ROCK,1
7/31/2018,169,1791290.359,303140.906,-0.847,1,11b,GS ROCK,1
7/31/2018,170,1791292.602,303141.496,-1.135,1,11b,GS ROCK,1
7/31/2018,171,1791291.121,303142.893,-1.424,1,11b,GS ROCK,1
7/31/2018,172,1791293.305,303145.137,-1.055,1,11b,GS ROCK,1
7/31/2018,173,1791295.82,303148.14,-1.143,1,11b,GS ROCK,1
7/31/2018,174,1791295.362,303151.451,-0.791,1,11b,GS ROCK,1
7/31/2018,175,1791297.462,303153.288,-1.339,1,11b,GS ROCK,1
7/31/2018,176,1791298.431,303155.716,-1.264,1,11b,GS ROCK,1
7/31/2018,179,1791785.712,302876.04,-1.462,1,10b,GS ROCK,1
7/31/2018,180,1791783.767,302876.98,-1.46,1,10b,GS ROCK,1
7/31/2018,181,1791782.253,302873.438,-1.002,1,10b,GS ROCK,1
7/31/2018,182,1791781.849,302871.969,-1.63,1,10b,GS ROCK,1
7/31/2018,183,1791780.085,302871.586,-1.339,1,10b,GS ROCK,1
7/31/2018,184,1791780.017,302869.735,-0.735,1,10b,GS ROCK,1
7/31/2018,185,1791778.017,302870.034,-1.319,1,10b,GS ROCK,1
7/31/2018,186,1791782.348,302866.192,-1.176,1,10b,GS ROCK,1
7/31/2018,187,1791778.075,302864.733,-1.4,1,10b,GS ROCK,1
7/31/2018,188,1791777.718,302862.385,-1.088,1,10b,GS ROCK,1
7/31/2018,189,1791773.019,302861.904,-1.39,1,10b,GS ROCK,1
7/31/2018,190,1791774.435,302859.723,-1.599,1,10b,GS ROCK,1
7/31/2018,191,1791771.966,302860.423,-1.555,1,10b,GS ROCK,1
7/31/2018,192,1791771.561,302857.337,-1.226,1,10b,GS ROCK,1
7/31/2018,195,1792612.784,301967.058,-1.152,2,9b,GS ROCK,1
7/31/2018,196,1792609.788,301969.729,-1.213,2,9b,GS ROCK,1
7/31/2018,197,1792609.47,301964.277,-1.226,2,9b,GS ROCK,1
7/31/2018,198,1792606.364,301964.265,-0.814,2,9b,GS ROCK,1
7/31/2018,199,1792604.779,301963.135,-1.59,2,9b,GS ROCK,1
7/31/2018,200,1792603.655,301961.885,-1.639,2,9b,GS ROCK,1
7/31/2018,201,1792601.352,301958.871,-1.514,2,9b,GS ROCK,1
7/31/2018,204,1792648.999,301897.291,-0.993,1,9b,GS ROCK,1
7/31/2018,205,1792650.06,301900.522,-1.136,1,9b,GS ROCK,1
7/31/2018,206,1792651.914,301902.603,-1.09,1,9b,GS ROCK,1
7/31/2018,207,1792651.606,301904.559,-1.158,1,9b,GS ROCK,1
7/31/2018,208,1792652.365,301906.173,-1.047,1,9b,GS ROCK,1
7/31/2018,209,1792656.039,301908.158,-1.259,1,9b,GS ROCK,1
7/31/2018,210,1792657.115,301909.357,-1.08,1,9b,GS ROCK,1
7/31/2018,211,1792658.984,301908.538,-0.827,1,9b,GS ROCK,1
7/31/2018,212,1792663.146,301911.566,-0.582,1,9b,GS ROCK,1
7/31/2018,213,1792665.202,301913.707,-0.588,1,9b,GS ROCK,1
7/31/2018,214,1792666.206,301916.722,-1.066,1,9b,GS ROCK,1
7/31/2018,217,1793487.119,301251.712,-1.264,1,8a,GS ROCK,1
7/31/2018,218,1793485.647,301249.491,-1.128,1,8a,GS ROCK,1
7/31/2018,219,1793485.311,301247.487,-1.459,1,8a,GS ROCK,1
7/31/2018,220,1793484.383,301246.124,-1.129,1,8a,GS ROCK,1
7/31/2018,221,1793485.25,301244.227,-0.73,1,8a,GS ROCK,1
7/31/2018,222,1793485.512,301243.032,-1.075,1,8a,GS ROCK,1
7/31/2018,223,1793485.694,301240.7,-1.173,1,8a,GS ROCK,1
7/31/2018,224,1793483.165,301239.285,-0.815,1,8a,GS ROCK,1
7/31/2018,225,1793484.547,301235.957,-1.043,1,8a,GS ROCK,1
7/31/2018,226,1793485.942,301233.995,-0.92,1,8a,GS ROCK,1
7/31/2018,227,1793484.656,301232.784,-1.252,1,8a,GS ROCK,1
7/31/2018,228,1793487.053,301232.303,-1.091,1,8a,GS ROCK,1
7/31/2018,229,1793484.661,301230.27,-1.15,1,8a,GS ROCK,1
7/31/2018,230,1793483.718,301229.231,-1.118,1,8a,GS ROCK,1
7/31/2018,233,1793520.122,301053.706,-1.541,1,7,GS ROCK,1
7/31/2018,234,1793518.737,301052.051,-1.647,1,7,GS ROCK,1
7/31/2018,235,1793518.487,301050.901,-1.31,1,7,GS ROCK,1
7/31/2018,236,1793515.374,301049.496,-0.716,1,7,GS ROCK,1
7/31/2018,237,1793515.036,301046.98,-1.007,1,7,GS ROCK,1
7/31/2018,238,1793514.046,301046.716,-0.482,1,7,GS ROCK,1
7/31/2018,239,1793513.875,301045.295,-0.683,1,7,GS ROCK,1
7/31/2018,240,1793511.053,301043.697,-1.285,1,7,GS ROCK,1
7/31/2018,241,1793511.962,301039.655,-1.163,1,7,GS ROCK,1
7/31/2018,242,1793511.96,301037.974,-1.411,1,7,GS ROCK,1
7/31/2018,243,1793510.356,301036.122,-0.721,1,7,GS ROCK,1
7/31/2018,244,1793507.451,301033.534,-1.55,1,7,GS ROCK,1
7/31/2018,247,1793755.528,300833.477,-1.514,1,5,GS ROCK,1
7/31/2018,248,1793750.156,300830.935,-1.267,1,5,GS ROCK,1
7/31/2018,249,1793747.853,300832.189,-1.324,1,5,GS ROCK,1
7/31/2018,250,1793745.011,300831.95,-1.099,1,5,GS ROCK,1
7/31/2018,251,1793743.329,300832.613,-1.702,1,5,GS ROCK,1
7/31/2018,252,1793741.978,300832.301,-1.194,1,5,GS ROCK,1
7/31/2018,253,1793740.233,300833.608,-1.727,1,5,GS ROCK,1
7/31/2018,254,1793737.105,300835.29,-1.375,1,5,GS ROCK,1
7/31/2018,255,1793734.121,300830.409,0,GS DIRT,5,GS DIRT,1
8/8/2018,256,1790024.763,304173.2125,-2.86813,1,13,GS,1
8/8/2018,257,1790029.701,304178.4726,-1.72266,1,13,GS ROCK,1
8/8/2018,258,1790031.303,304178.9574,-1.71312,1,13,GS ROCK,1
8/8/2018,259,1790031.764,304179.443,-1.49907,1,13,GS ROCK,1
8/8/2018,260,1790032.368,304180.8823,-1.89724,1,13,GS ROCK,1
8/8/2018,261,1790033.096,304183.5509,-1.66525,1,13,GS ROCK,1
8/8/2018,262,1790033.958,304185.2752,-1.91326,1,13,GS ROCK,1
8/8/2018,263,1790034.901,304186.1904,-1.95208,1,13,GS ROCK,1
8/8/2018,264,1790035.384,304187.5559,-1.90567,1,13,GS ROCK,1
8/8/2018,265,1790035.86,304188.5825,-1.80231,1,13,GS ROCK,1
8/8/2018,266,1790036.559,304191.1379,-1.87761,1,13,GS ROCK,1
8/8/2018,267,1790038.193,304191.6881,-1.60963,1,13,GS ROCK,1
8/8/2018,268,1790038.805,304192.6098,-1.77775,1,13,GS ROCK,1
8/8/2018,269,1790039.69,304193.5784,-2.248,1,13,GS ROCK,1
8/8/2018,270,1790041.278,304195.1146,-2.0544,1,13,GS ROCK,1
8/8/2018,271,1790042.371,304196.6997,-2.82404,1,13,GS,1
8/8/2018,272,1790073.445,304137.5569,-2.95608,2,13,GS,1
8/8/2018,273,1790073.993,304138.9351,-2.11504,2,13,GS ROCK,1
8/8/2018,274,1790075.19,304139.7953,-2.09966,2,13,GS ROCK,1
8/8/2018,275,1790075.612,304140.2579,-2.01976,2,13,GS ROCK,1
8/8/2018,276,1790076.316,304141.2217,-2.02504,2,13,GS ROCK,1
8/8/2018,277,1790077.441,304142.8069,-2.08181,2,13,GS ROCK,1
8/8/2018,278,1790077.807,304143.5631,-1.96247,2,13,GS ROCK,1
8/8/2018,279,1790078.198,304144.7947,-1.99677,2,13,GS ROCK,1
8/8/2018,280,1790078.962,304145.357,-2.02852,2,13,GS ROCK,1
8/8/2018,281,1790080.349,304146.1274,-1.95117,2,13,GS ROCK,1
8/8/2018,282,1790081.409,304146.1604,-2.02814,2,13,GS ROCK,1
8/8/2018,283,1790082.22,304147.7077,-1.95855,2,13,GS ROCK,1
8/8/2018,284,1790082.985,304148.4283,-1.68335,2,13,GS ROCK,1
8/8/2018,285,1790083.254,304148.6289,-1.64333,2,13,GS ROCK,1
8/8/2018,286,1790083.798,304149.5156,-1.7448,2,13,GS ROCK,1
8/8/2018,287,1790084.713,304150.1419,-1.6259,2,13,GS ROCK,1
8/8/2018,288,1790084.794,304151.2848,-1.95695,2,13,GS ROCK,1
8/8/2018,289,1790086.038,304151.7743,-1.82181,2,13,GS ROCK,1
8/8/2018,290,1790086.605,304153.1582,-1.87241,2,13,GS ROCK,1
8/8/2018,291,1790087.188,304153.1627,-1.72421,2,13,GS ROCK,1
8/8/2018,292,1790088.145,304153.5879,-1.90875,2,13,GS ROCK,1
8/8/2018,293,1790088.441,304154.2523,-1.81387,2,13,GS ROCK,1
8/8/2018,294,1790089.062,304155.3834,-1.65261,2,13,GS ROCK,1
8/8/2018,295,1790089.502,304155.9375,-1.9072,2,13,GS ROCK,1
8/8/2018,296,1790090.181,304156.3516,-1.56822,2,13,GS ROCK,1
8/8/2018,297,1790090.669,304156.9115,-1.72124,2,13,GS ROCK,1
8/8/2018,298,1790091.513,304158.0534,-1.67966,2,13,GS ROCK,1
8/8/2018,299,1790091.889,304158.3296,-1.90676,2,13,GS ROCK,1
8/8/2018,300,1790092.373,304159.2373,-2.38747,2,13,GS ROCK,1
8/8/2018,301,1790092.866,304159.6475,-2.91253,2,13,GS,1
8/8/2018,302,1790144.09,304118.8109,-2.67421,3,13,GS,1
8/8/2018,303,1790143.294,304118.7544,-2.04112,3,13,GS ROCK,1
8/8/2018,304,1790142.165,304117.2156,-1.56893,3,13,GS ROCK,1
8/8/2018,305,1790142.077,304116.5802,-2.05598,3,13,GS ROCK,1
8/8/2018,306,1790141.975,304116.1367,-1.76124,3,13,GS ROCK,1
8/8/2018,307,1790142.068,304114.4045,-1.58606,3,13,GS ROCK,1
8/8/2018,308,1790141.794,304113.4965,-1.5436,3,13,GS ROCK,1
8/8/2018,309,1790140.428,304110.5318,-1.74976,3,13,GS ROCK,1
8/8/2018,310,1790139.028,304110.3321,-2.02521,3,13,GS ROCK,1
8/8/2018,311,1790137.671,304108.8981,-2.19247,3,13,GS ROCK,1
8/8/2018,312,1790137.866,304107.8147,-2.29873,3,13,GS ROCK,1
8/8/2018,313,1790136.946,304106.6596,-2.25666,3,13,GS ROCK,1
8/8/2018,314,1790135.343,304106.0581,-2.0015,3,13,GS ROCK,1
8/8/2018,315,1790134.022,304104.8777,-2.22861,3,13,GS ROCK,1
8/8/2018,316,1790130.954,304101.6516,-1.8656,3,13,GS ROCK,1
8/8/2018,317,1790129.487,304099.0824,-1.7835,3,13,GS ROCK,1
8/8/2018,318,1790128.757,304098.3161,-2.12978,3,13,GS ROCK,1
8/8/2018,319,1790125.904,304095.9336,-2.83474,3,13,GS,1
8/8/2018,320,1790165.422,304064.4113,-2.84584,4,13,GS,1
8/8/2018,321,1790166.434,304065.2188,-2.03555,4,13,GS ROCK,1
8/8/2018,322,1790167.517,304066.6025,-2.15526,4,13,GS ROCK,1
8/8/2018,323,1790168.231,304068.149,-1.83238,4,13,GS ROCK,1
8/8/2018,324,1790170.078,304069.7909,-2.0061,4,13,GS ROCK,1
8/8/2018,325,1790170.659,304071.8666,-2.20189,4,13,GS ROCK,1
8/8/2018,326,1790171.18,304073.0108,-1.89097,4,13,GS ROCK,1
8/8/2018,327,1790171.899,304072.9713,-1.8817,4,13,GS ROCK,1
8/8/2018,328,1790172.486,304075.4669,-2.18458,4,13,GS ROCK,1
8/8/2018,329,1790173.029,304075.6917,-2.02531,4,13,GS ROCK,1
8/8/2018,330,1790174.08,304076.6304,-1.96136,4,13,GS ROCK,1
8/8/2018,331,1790175.326,304077.9361,-2.0497,4,13,GS ROCK,1
8/8/2018,332,1790175.399,304078.8562,-1.74018,4,13,GS ROCK,1
8/8/2018,333,1790175.816,304080.0379,-1.63877,4,13,GS ROCK,1
8/8/2018,334,1790177.036,304080.1613,-1.94288,4,13,GS ROCK,1
8/8/2018,335,1790177.134,304081.5922,-2.1845,4,13,GS ROCK,1
8/8/2018,336,1790177.895,304082.6494,-2.17144,4,13,GS ROCK,1
8/8/2018,337,1790179.098,304084.3384,-1.76528,4,13,GS ROCK,1
8/8/2018,338,1790179.228,304084.9228,-2.06939,4,13,GS ROCK,1
8/8/2018,339,1790179.838,304086.0813,-1.9118,4,13,GS ROCK,1
8/8/2018,340,1790178.948,304086.6061,-2.03992,4,13,GS ROCK,1
8/8/2018,341,1790180.616,304088.3091,-1.57343,4,13,GS ROCK,1
8/8/2018,342,1790180.516,304089.6857,-1.87032,4,13,GS ROCK,1
8/8/2018,343,1790181.779,304091.3829,-2.55153,4,13,GS,1
8/8/2018,344,1790222.662,304059.2357,-2.73411,5,13,GS,1
8/8/2018,345,1790221.706,304058.4039,-1.76102,5,13,GS ROCK,1
8/8/2018,346,1790221.483,304057.6749,-1.88502,5,13,GS ROCK,1
8/8/2018,347,1790221.443,304056.8463,-1.71453,5,13,GS ROCK,1
8/8/2018,348,1790219.556,304054.5922,-1.8061,5,13,GS ROCK,1
8/8/2018,349,1790219.645,304053.8357,-1.73403,5,13,GS ROCK,1
8/8/2018,350,1790218.412,304052.9141,-1.58335,5,13,GS ROCK,1
8/8/2018,351,1790218.163,304053.4158,-1.56604,5,13,GS ROCK,1
8/8/2018,352,1790217.435,304052.8032,-1.82335,5,13,GS ROCK,1
8/8/2018,353,1790217.106,304052.0122,-1.42437,5,13,GS ROCK,1
8/8/2018,354,1790216.743,304050.8622,-1.63098,5,13,GS ROCK,1
8/8/2018,355,1790215.5,304051.0506,-1.84382,5,13,GS ROCK,1
8/8/2018,356,1790214.965,304050.4917,-1.52155,5,13,GS ROCK,1
8/8/2018,357,1790214.567,304049.2904,-1.66026,5,13,GS ROCK,1
8/8/2018,358,1790214.867,304048.6471,-1.54558,5,13,GS ROCK,1
8/8/2018,359,1790214.353,304047.6486,-1.54782,5,13,GS ROCK,1
8/8/2018,360,1790213.685,304047.1736,-1.76703,5,13,GS ROCK,1
8/8/2018,361,1790212.813,304046.2415,-1.76747,5,13,GS ROCK,1
8/8/2018,362,1790211.944,304045.5648,-2.03746,5,13,GS ROCK,1
8/8/2018,363,1790210.995,304043.7216,-2.0234,5,13,GS ROCK,1
8/8/2018,364,1790210.016,304043.6126,-1.72577,5,13,GS ROCK,1
8/8/2018,365,1790209.615,304043.3457,-1.80599,5,13,GS ROCK,1
8/8/2018,366,1790209.035,304042.2144,-2.1394,5,13,GS ROCK,1
8/8/2018,367,1790208.837,304041.5531,-1.71316,5,13,GS ROCK,1
8/8/2018,368,1790207.728,304041.3533,-1.95009,5,13,GS ROCK,1
8/8/2018,369,1790206.34,304041.0949,-2.2717,5,13,GS ROCK,1
8/8/2018,370,1790207.151,304039.3829,-1.93902,5,13,GS ROCK,1
8/8/2018,371,1790207.02,304037.5146,-1.73803,5,13,GS ROCK,1
8/8/2018,372,1790206.725,304037.2179,-1.76376,5,13,GS ROCK,1
8/8/2018,373,1790205.815,304036.3846,-1.84649,5,13,GS ROCK,1
8/8/2018,374,1790204.869,304036.1578,-1.99478,5,13,GS ROCK,1
8/8/2018,375,1790203.991,304035.4283,-2.52636,5,13,GS,1
8/8/2018,376,1790240.702,304003.2309,-2.61,6,13,GS,1
8/8/2018,377,1790241.496,304004.2334,-1.83166,6,13,GS ROCK,1
8/8/2018,378,1790241.837,304005.6714,-1.56467,6,13,GS ROCK,1
8/8/2018,379,1790242.238,304006.3265,-1.94007,6,13,GS ROCK,1
8/8/2018,380,1790243.503,304007.7918,-1.68467,6,13,GS ROCK,1
8/8/2018,381,1790243.978,304009.1491,-1.78975,6,13,GS ROCK,1
8/8/2018,382,1790245.084,304010.9435,-1.81976,6,13,GS ROCK,1
8/8/2018,383,1790244.821,304014.7118,-2.23456,6,13,GS ROCK,1
8/8/2018,384,1790245.49,304015.7216,-2.06927,6,13,GS ROCK,1
8/8/2018,385,1790247.096,304017.1286,-2.12429,6,13,GS ROCK,1
8/8/2018,386,1790249.731,304017.6692,-2.13982,6,13,GS ROCK,1
8/8/2018,387,1790249.464,304020.1143,-1.72077,6,13,GS ROCK,1
8/8/2018,388,1790250.917,304021.0081,-1.9903,6,13,GS ROCK,1
8/8/2018,389,1790251.285,304022.0761,-1.72153,6,13,GS ROCK,1
8/8/2018,390,1790251.619,304023.4891,-2.11576,6,13,GS ROCK,1
8/8/2018,391,1790252.492,304023.7522,-2.2603,6,13,GS ROCK,1
8/8/2018,392,1790252.735,304024.6315,-1.81006,6,13,GS ROCK,1
8/8/2018,393,1790252.106,304025.9844,-1.63101,6,13,GS ROCK,1
8/8/2018,394,1790253.022,304026.4485,-1.66571,6,13,GS ROCK,1
8/8/2018,395,1790254.245,304026.4707,-1.50829,6,13,GS ROCK,1
8/8/2018,396,1790254.61,304028.2158,-1.99615,6,13,GS ROCK,1
8/8/2018,397,1790261.47,304026.5415,-2.99973,6,13,GS,1
8/8/2018,398,1790301.597,303999.0085,-3.36319,7,13,GS,1
8/8/2018,399,1790300.549,303999.2736,-1.97995,7,13,GS ROCK,1
8/8/2018,400,1790300.528,303997.6924,-2.44829,7,13,GS ROCK,1
8/8/2018,401,1790301.025,303996.5718,-2.35855,7,13,GS ROCK,1
8/8/2018,402,1790300.281,303995.9415,-2.3238,7,13,GS ROCK,1
8/8/2018,403,1790300.191,303994.239,-1.69883,7,13,GS ROCK,1
8/8/2018,404,1790298.661,303993.0849,-1.82152,7,13,GS ROCK,1
8/8/2018,405,1790298.71,303992.5828,-2.0506,7,13,GS ROCK,1
8/8/2018,406,1790297.723,303991.8744,-2.27461,7,13,GS ROCK,1
8/8/2018,407,1790297.166,303990.4524,-1.84202,7,13,GS ROCK,1
8/8/2018,408,1790294.893,303989.5098,-2.2273,7,13,GS ROCK,1
8/8/2018,409,1790293.232,303988.5867,-1.80991,7,13,GS ROCK,1
8/8/2018,410,1790292.83,303987.2041,-1.69362,7,13,GS ROCK,1
8/8/2018,411,1790292.22,303984.3976,-2.10219,7,13,GS ROCK,1
8/8/2018,412,1790290.296,303983.421,-1.65285,7,13,GS ROCK,1
8/8/2018,413,1790289.672,303981.2939,-1.98332,7,13,GS ROCK,1
8/8/2018,414,1790286.827,303978.5231,-2.2061,7,13,GS ROCK,1
8/8/2018,415,1790285.061,303977.3618,-2.13032,7,13,GS ROCK,1
8/8/2018,416,1790283.436,303973.9749,-3.07643,7,13,GS,1
8/28/2018,417,1794645.415,300149.923,-2.664,1,2,GS,2
8/28/2018,418,1794642.815,300152.186,-2.438,1,2,GS,2
8/28/2018,419,1794641.952,300143.532,-1.309,1,2,ROCK TOP,2
8/28/2018,420,1794640.84,300150.095,-1.769,1,2,ROCK TOP,2
8/28/2018,421,1794639.66,300150.295,-1.781,1,2,ROCK TOP,2
8/28/2018,422,1794638.625,300146.883,-1.923,1,2,ROCK TOP,2
8/28/2018,423,1794637.3,300146.185,-1.838,1,2,ROCK TOP,2
8/28/2018,424,1794636.37,300143.355,-1.867,1,2,ROCK TOP,2
8/28/2018,425,1794634.287,300140.887,-2.022,1,2,ROCK TOP,2
8/28/2018,426,1794632.806,300139.055,-1.687,1,2,ROCK TOP,2
8/28/2018,427,1794632.024,300135.806,-1.667,1,2,ROCK TOP,2
8/28/2018,428,1794631.854,300130.792,-1.735,1,2,ROCK TOP,2
8/28/2018,429,1794630.22,300128.915,-1.899,1,2,ROCK TOP,2
8/28/2018,430,1794628.593,300127.445,-1.695,1,2,ROCK TOP,2
8/28/2018,431,1794626.365,300126.543,-1.731,1,2,ROCK TOP,2
8/28/2018,432,1794625.256,300125.863,-2.554,1,2,GS,2
8/28/2018,433,1794577.114,300159.914,-2.5,2,2,GS,2
8/28/2018,434,1794577.901,300160.776,-1.756,2,2,ROCK TOP,2
8/28/2018,435,1794579.352,300162.502,-1.706,2,2,ROCK TOP,2
8/28/2018,436,1794579.318,300164.129,-1.646,2,2,ROCK TOP,2
8/28/2018,437,1794580.589,300165.345,-1.758,2,2,ROCK TOP,2
8/28/2018,438,1794582.641,300167.478,-1.386,2,2,ROCK TOP,2
8/28/2018,439,1794582.967,300170.821,-1.626,2,2,ROCK TOP,2
8/28/2018,440,1794585.61,300175.576,-1.447,2,2,ROCK TOP,2
8/28/2018,441,1794583.655,300172.98,-1.92,2,2,ROCK TOP,2
8/28/2018,442,1794584.586,300177.503,-1.743,2,2,ROCK TOP,2
8/28/2018,443,1794585.311,300178.85,-1.519,2,2,ROCK TOP,2
8/28/2018,444,1794586.198,300180.476,-1.492,2,2,ROCK TOP,2
8/28/2018,445,1794586.069,300182.446,-1.526,2,2,ROCK TOP,2
8/28/2018,446,1794587.423,300183.263,-1.277,2,2,ROCK TOP,2
8/28/2018,447,1794588.366,300186.14,-1.37,2,2,ROCK TOP,2
8/28/2018,448,1794589.596,300187.878,-2.043,2,2,GS,2
8/28/2018,449,1794593.31,300184.693,-2.106,2,2,GS,2
8/28/2018,450,1794592.919,300183.367,-1.27,2,2,ROCK TOP,2
8/28/2018,451,1794592.036,300180.625,-1.505,2,2,ROCK TOP,2
8/28/2018,452,1794590.698,300179.907,-1.539,2,2,ROCK TOP,2
8/28/2018,453,1794590.123,300179.265,-1.649,2,2,ROCK TOP,2
8/28/2018,454,1794572.36,300197.978,-2.183,3,2,GS,2
8/28/2018,455,1794572.196,300196.792,-1.554,3,2,ROCK TOP,2
8/28/2018,456,1794571.583,300195.341,-1.309,3,2,ROCK TOP,2
8/28/2018,457,1794570.823,300193.743,-1.348,3,2,ROCK TOP,2
8/28/2018,458,1794570.695,300191.81,-1.58,3,2,ROCK TOP,2
8/28/2018,459,1794569.694,300190.144,-1.745,3,2,ROCK TOP,2
8/28/2018,460,1794569.031,300188.973,-1.799,3,2,ROCK TOP,2
8/28/2018,461,1794568.182,300187.382,-1.668,3,2,ROCK TOP,2
8/28/2018,462,1794568.446,300185.712,-1.801,3,2,ROCK TOP,2
8/28/2018,463,1794567.829,300183.076,-1.772,3,2,ROCK TOP,2
8/28/2018,464,1794564.862,300184.033,-1.748,3,2,ROCK TOP,2
8/28/2018,465,1794564.359,300182.555,-1.71,3,2,ROCK TOP,2
8/28/2018,466,1794564.312,300180.972,-1.946,3,2,ROCK TOP,2
8/28/2018,467,1794563.352,300179.567,-1.565,3,2,ROCK TOP,2
8/28/2018,468,1794563.277,300177.739,-1.698,3,2,ROCK TOP,2
8/28/2018,469,1794561.822,300175.775,-1.832,3,2,ROCK TOP,2
8/28/2018,470,1794561.427,300174.842,-1.893,3,2,ROCK TOP,2
8/28/2018,471,1794559.557,300173.204,-1.563,3,2,ROCK TOP,2
8/28/2018,472,1794560.279,300171.482,-1.84,3,2,ROCK TOP,2
8/28/2018,473,1794557.305,300171.37,-1.759,3,2,ROCK TOP,2
8/28/2018,474,1794557.31,300170.542,-2.844,3,2,GS,2
8/28/2018,475,1794479.175,300221.365,-1.819,4,2,GS,2
8/28/2018,476,1794481.597,300223.535,-1.094,4,2,ROCK TOP,2
8/28/2018,477,1794482.321,300229.819,-0.907,4,2,ROCK TOP,2
8/28/2018,478,1794484.041,300232.954,-0.822,4,2,ROCK TOP,2
8/28/2018,479,1794488.938,300242.715,-1.246,4,2,ROCK TOP,2
8/28/2018,480,1794479.286,300222.883,-1.615,4,2,GS,2
8/28/2018,481,1794480.635,300228.214,-1.483,4,2,ROCK TOP,2
8/28/2018,482,1794482.679,300233.967,-1.541,4,2,ROCK TOP,2
8/28/2018,483,1794485.858,300239.754,-1.625,4,2,ROCK TOP,2
8/28/2018,484,1794487.619,300243.32,-1.572,4,2,ROCK TOP,2
8/28/2018,485,1794488.633,300247.683,-1.608,4,2,ROCK TOP,2
8/28/2018,486,1794491.427,300249.902,-1.58,4,2,GS,2
8/28/2018,487,1794489.284,300245.789,-1.167,4,2,ROCK TOP,2
8/28/2018,488,1794477.404,300254.266,-1.829,5,2,GS,2
8/28/2018,489,1794472.65,300249.116,-1.79,5,2,ROCK TOP,2
8/28/2018,490,1794470.534,300246.636,-1.7,5,2,ROCK TOP,2
8/28/2018,491,1794467.418,300243.355,-1.612,5,2,ROCK TOP,2
8/28/2018,492,1794464.415,300240.531,-1.405,5,2,ROCK TOP,2
8/28/2018,493,1794460.567,300236.511,-1.432,5,2,ROCK TOP,2
8/28/2018,494,1794458.232,300234.21,-1.437,5,2,GS,2
8/28/2018,495,1794463.952,300230.328,-1.135,5,2,GS,2
8/28/2018,496,1794467.735,300233.536,-1.312,5,2,ROCK TOP,2
8/28/2018,497,1794285.085,300333.084,-1.95,3,3,GS,2
8/28/2018,498,1794283.647,300330.512,-2.143,3,3,GS,2
8/28/2018,499,1794282.643,300329.472,-1.43,3,3,ROCK TOP,2
8/28/2018,736,1794282.037,300328.1,-1.341,3,3,ROCK TOP,2
8/28/2018,737,1794281.293,300326.698,-1.473,3,3,ROCK TOP,2
8/28/2018,738,1794280.367,300324.533,-1.024,3,3,ROCK TOP,2
8/28/2018,739,1794279.609,300322.096,-1.286,3,3,ROCK TOP,2
8/28/2018,740,1794278.781,300319.442,-1.382,3,3,ROCK TOP,2
8/28/2018,741,1794278.787,300317.605,-1.354,3,3,ROCK TOP,2
8/28/2018,742,1794277.685,300315.077,-1.302,3,3,ROCK TOP,2
8/28/2018,743,1794276.239,300312.172,-1.352,3,3,ROCK TOP,2
8/28/2018,744,1794275.095,300311.453,-1.554,3,3,ROCK TOP,2
8/28/2018,745,1794273.534,300310.094,-1.369,3,3,ROCK TOP,2
8/28/2018,746,1794273.504,300308.031,-1.175,3,3,ROCK TOP,2
8/28/2018,747,1794272.418,300305.59,-1.897,3,3,GS,2
8/28/2018,748,1794271.497,300303.582,-1.927,3,3,GS,2
8/28/2018,749,1794269.174,300306.704,-1.956,3,3,GS,2
8/28/2018,750,1794270.159,300308.692,-1.432,3,3,ROCK TOP,2
8/28/2018,752,1794311.75,300321.63,-2.119,1,3,GS,2
8/28/2018,753,1794311.906,300319.905,-1.359,1,3,ROCK TOP,2
8/28/2018,754,1794309.71,300318.282,-1.595,1,3,ROCK TOP,2
8/28/2018,755,1794307.636,300314.795,-1.654,1,3,ROCK TOP,2
8/28/2018,756,1794305.826,300310.964,-1.622,1,3,ROCK TOP,2
8/28/2018,757,1794306.071,300308.625,-1.524,1,3,ROCK TOP,2
8/28/2018,758,1794304.604,300305.989,-1.574,1,3,ROCK TOP,2
8/28/2018,759,1794304.071,300302.264,-1.512,1,3,ROCK TOP,2
8/28/2018,760,1794303.057,300300.014,-1.36,1,3,ROCK TOP,2
8/28/2018,761,1794300.95,300298.144,-1.51,1,3,ROCK TOP,2
8/28/2018,762,1794299.437,300296.424,-1.405,1,3,ROCK TOP,2
8/28/2018,763,1794297.751,300294.789,-1.386,1,3,ROCK TOP,2
8/28/2018,764,1794295.913,300292.601,-1.732,1,3,ROCK TOP,2
8/28/2018,765,1794295.318,300291.839,-1.904,1,3,GS,2
8/28/2018,766,1794279.459,300301.332,-1.96,2,3,GS,2
8/28/2018,767,1794279.806,300304.414,-1.756,2,3,ROCK TOP,2
8/28/2018,768,1794281.079,300306.901,-1.709,2,3,ROCK TOP,2
8/28/2018,769,1794281.563,300310.614,-1.747,2,3,ROCK TOP,2
8/28/2018,770,1794283.445,300312.729,-1.627,2,3,ROCK TOP,2
8/28/2018,771,1794284.026,300315.128,-1.704,2,3,ROCK TOP,2
8/28/2018,772,1794285.799,300319.103,-1.477,2,3,ROCK TOP,2
8/28/2018,773,1794286.569,300322.193,-1.679,2,3,ROCK TOP,2
8/28/2018,774,1794287.704,300323.684,-1.455,2,3,ROCK TOP,2
8/28/2018,775,1794289.565,300326.614,-1.399,2,3,ROCK TOP,2
8/28/2018,776,1794290.491,300328.583,-2.364,2,3,GS,2
8/28/2018,777,1794252.159,300346.087,-2.2,4,3,GS,2
8/28/2018,778,1794252.283,300345.079,-1.617,4,3,ROCK TOP,2
8/28/2018,779,1794249.664,300343.262,-1.517,4,3,ROCK TOP,2
8/28/2018,780,1794248.846,300340.688,-1.567,4,3,ROCK TOP,2
8/28/2018,781,1794247.194,300338.408,-1.619,4,3,ROCK TOP,2
8/28/2018,782,1794246.096,300335.781,-1.759,4,3,ROCK TOP,2
8/28/2018,783,1794244.195,300334.305,-1.662,4,3,ROCK TOP,2
8/28/2018,784,1794242.867,300332.562,-1.859,4,3,ROCK TOP,2
8/28/2018,785,1794242.3,300329.115,-1.624,4,3,ROCK TOP,2
8/28/2018,786,1794241.183,300326.601,-1.572,4,3,ROCK TOP,2
8/28/2018,787,1794240.958,300325.363,-1.678,4,3,ROCK TOP,2
8/28/2018,788,1794240.263,300323.971,-2.394,4,3,GS,2
8/28/2018,751,1794236.636,300322.052,-2.297,4,3,GS,2
8/28/2018,789,1794188.809,300342.972,-2.459,5,3,GS,2
8/28/2018,790,1794188.48,300344.555,-1.669,5,3,ROCK TOP,2
8/28/2018,791,1794189.205,300346.271,-1.84,5,3,ROCK TOP,2
8/28/2018,792,1794189.709,300348.708,-1.83,5,3,ROCK TOP,2
8/28/2018,793,1794190.659,300351.678,-1.446,5,3,ROCK TOP,2
8/28/2018,794,1794191.209,300354.22,-1.569,5,3,ROCK TOP,2
8/28/2018,795,1794192.651,300356.631,-1.691,5,3,ROCK TOP,2
8/28/2018,796,1794194.346,300359.029,-1.363,5,3,ROCK TOP,2
8/28/2018,797,1794196.443,300363.343,-1.764,5,3,ROCK TOP,2
8/28/2018,798,1794199.006,300365.45,-1.682,5,3,ROCK TOP,2
8/28/2018,799,1794199.919,300367.436,-1.51,5,3,ROCK TOP,2
8/28/2018,800,1794201.242,300369.983,-1.581,5,3,ROCK TOP,2
8/28/2018,801,1794202.015,300371.318,-2.608,5,3,GS,2
8/28/2018,802,1794175.743,300385.117,-2.579,6,3,GS,2
8/28/2018,803,1794174.591,300382.06,-1.402,6,3,ROCK TOP,2
8/28/2018,804,1794172.829,300379.402,-1.272,6,3,ROCK TOP,2
8/28/2018,805,1794171.888,300376.652,-1.474,6,3,ROCK TOP,2
8/28/2018,806,1794170.247,300374.775,-1.339,6,3,ROCK TOP,2
8/28/2018,807,1794168.931,300372.786,-1.54,6,3,ROCK TOP,2
8/28/2018,808,1794166.904,300371.453,-1.725,6,3,ROCK TOP,2
8/28/2018,809,1794166.26,300368.923,-1.61,6,3,ROCK TOP,2
8/28/2018,810,1794164.269,300367.797,-1.581,6,3,ROCK TOP,2
8/28/2018,811,1794163.233,300365.379,-1.678,6,3,ROCK TOP,2
8/28/2018,812,1794162.252,300363.17,-1.56,6,3,ROCK TOP,2
8/28/2018,813,1794159.197,300359.796,-1.659,6,3,ROCK TOP,2
8/28/2018,814,1794158.098,300356.771,-1.467,6,3,ROCK TOP,2
8/28/2018,815,1794161.752,300353.574,-2.307,6,3,GS,2
8/28/2018,816,1794162.507,300354.777,-1.434,6,3,ROCK TOP,2
8/28/2018,817,1794147.629,300361.834,-2.728,7,3,GS,2
8/28/2018,818,1794148.085,300363.705,-1.61,7,3,ROCK TOP,2
8/28/2018,819,1794149.462,300365.902,-1.694,7,3,ROCK TOP,2
8/28/2018,820,1794150.806,300369.129,-1.898,7,3,ROCK TOP,2
8/28/2018,821,1794151.091,300371.601,-1.881,7,3,ROCK TOP,2
8/28/2018,822,1794153.42,300372.977,-1.757,7,3,ROCK TOP,2
8/28/2018,823,1794154.409,300374.969,-1.614,7,3,ROCK TOP,2
8/28/2018,824,1794154.481,300376.706,-1.532,7,3,ROCK TOP,2
8/28/2018,825,1794155.275,300379.029,-1.577,7,3,ROCK TOP,2
8/28/2018,826,1794157.107,300381.039,-1.573,7,3,ROCK TOP,2
8/28/2018,827,1794157.539,300382.704,-1.643,7,3,ROCK TOP,2
8/28/2018,828,1794157.313,300384.542,-1.845,7,3,ROCK TOP,2
8/28/2018,829,1794157.665,300387.205,-1.247,7,3,ROCK TOP,2
8/28/2018,830,1794159.722,300389.362,-1.405,7,3,ROCK TOP,2
8/28/2018,831,1794161.114,300391.654,-1.685,7,3,ROCK TOP,2
8/28/2018,832,1794161.231,300393.166,-2.433,7,3,GS,2
8/28/2018,833,1794146.086,300399.195,-2.412,8,3,GS,2
8/28/2018,834,1794145.202,300396.92,-1.646,8,3,ROCK TOP,2
8/28/2018,835,1794143.249,300394.838,-1.461,8,3,ROCK TOP,2
8/28/2018,836,1794141.742,300392.209,-1.802,8,3,ROCK TOP,2
8/28/2018,837,1794139.727,300389.579,-1.781,8,3,ROCK TOP,2
8/28/2018,838,1794137.062,300386.731,-1.866,8,3,ROCK TOP,2
8/28/2018,839,1794134.384,300384.185,-1.732,8,3,ROCK TOP,2
8/28/2018,840,1794131.875,300380.916,-1.966,8,3,ROCK TOP,2
8/28/2018,841,1794131.538,300377.909,-1.716,8,3,ROCK TOP,2
8/28/2018,842,1794128.967,300375.296,-1.634,8,3,ROCK TOP,2
8/28/2018,843,1794127.277,300372.373,-1.764,8,3,ROCK TOP,2
8/28/2018,844,1794126.317,300370.566,-2.655,8,3,GS,2
8/28/2018,845,1794102.761,300385.149,-2.49,9,3,GS,2
8/28/2018,846,1794104.081,300387.089,-1.813,9,3,ROCK TOP,2
8/28/2018,847,1794105.71,300389.394,-2.016,9,3,ROCK TOP,2
8/28/2018,848,1794106.335,300391.495,-1.706,9,3,ROCK TOP,2
8/28/2018,849,1794108.556,300393.92,-1.461,9,3,ROCK TOP,2
8/28/2018,850,1794109.799,300396.17,-1.67,9,3,ROCK TOP,2
8/28/2018,851,1794109.139,300399.348,-1.677,9,3,ROCK TOP,2
8/28/2018,852,1794110.712,300400.932,-1.706,9,3,ROCK TOP,2
8/28/2018,853,1794110.97,300403.766,-1.701,9,3,ROCK TOP,2
8/28/2018,854,1794112.31,300406.515,-1.695,9,3,ROCK TOP,2
8/28/2018,855,1794116.255,300406.886,-1.756,9,3,ROCK TOP,2
8/28/2018,856,1794117.154,300409,-1.635,9,3,ROCK TOP,2
8/28/2018,857,1794118.378,300410.536,-1.727,9,3,ROCK TOP,2
8/28/2018,858,1794120.441,300413.282,-1.606,9,3,ROCK TOP,2
8/28/2018,859,1794121.018,300415.251,-2.68,9,3,GS,2
8/28/2018,860,1794077.914,300433.231,-2.843,10,3,GS,2
8/28/2018,861,1794078.14,300430.692,-1.588,10,3,ROCK TOP,2
8/28/2018,862,1794076.634,300428.046,-1.74,10,3,ROCK TOP,2
8/28/2018,863,1794074.975,300426.228,-1.723,10,3,ROCK TOP,2
8/28/2018,864,1794071.593,300422.508,-2.698,10,3,GS,2
8/28/2018,865,1794076.642,300420.858,-1.707,10,3,ROCK TOP,2
8/28/2018,866,1794070.763,300417.639,-1.798,10,3,ROCK TOP,2
8/28/2018,867,1794070.296,300413.098,-1.477,10,3,ROCK TOP,2
8/28/2018,868,1794068.615,300410.125,-1.827,10,3,ROCK TOP,2
8/28/2018,869,1794066.879,300408.848,-1.851,10,3,ROCK TOP,2
8/28/2018,870,1794064.971,300406.139,-2.475,10,3,GS,2
8/28/2018,871,1794063.588,300403.959,-2.526,10,3,GS,2
8/28/2018,872,1793896.962,300567.858,-2.803,1,4,GS,2
8/28/2018,873,1793893.745,300566.53,-1.44,1,4,ROCK TOP,2
8/28/2018,874,1793891.103,300564.43,-1.384,1,4,ROCK TOP,2
8/28/2018,875,1793888.648,300564.886,-1.427,1,4,ROCK TOP,2
8/28/2018,876,1793885.873,300564.011,-1.623,1,4,ROCK TOP,2
8/28/2018,877,1793882.066,300563.652,-1.574,1,4,ROCK TOP,2
8/28/2018,878,1793879.933,300561.559,-1.274,1,4,ROCK TOP,2
8/28/2018,879,1793876.823,300560.587,-1.476,1,4,ROCK TOP,2
8/28/2018,880,1793875.142,300559.717,-1.796,1,4,ROCK TOP,2
8/28/2018,881,1793872.492,300560.029,-1.498,1,4,ROCK TOP,2
8/28/2018,882,1793869.443,300558.103,-2.531,1,4,GS,2
8/28/2018,883,1793858.961,300575.998,-2.359,2,4,GS,2
8/28/2018,884,1793859.216,300584.712,-2.363,2,4,GS,2
8/28/2018,885,1793860.257,300585.275,-1.645,2,4,ROCK TOP,2
8/28/2018,886,1793862.533,300586.42,-1.683,2,4,ROCK TOP,2
8/28/2018,887,1793864.474,300587.744,-1.48,2,4,ROCK TOP,2
8/28/2018,888,1793867.402,300588.476,-1.676,2,4,ROCK TOP,2
8/28/2018,889,1793868.784,300590.141,-1.614,2,4,ROCK TOP,2
8/28/2018,890,1793872.052,300591.803,-1.667,2,4,ROCK TOP,2
8/28/2018,891,1793872.917,300593.82,-1.792,2,4,ROCK TOP,2
8/28/2018,892,1793874.676,300594.846,-1.715,2,4,ROCK TOP,2
8/28/2018,893,1793876.112,300596.325,-1.363,2,4,ROCK TOP,2
8/28/2018,894,1793878.241,300597.564,-1.539,2,4,ROCK TOP,2
8/28/2018,895,1793880.825,300598.435,-1.585,2,4,ROCK TOP,2
8/28/2018,896,1793887.749,300594.474,-2.166,2,4,GS,2
8/28/2018,897,1793884.744,300594.967,-1.619,2,4,ROCK TOP,2
8/28/2018,898,1793884.274,300592.822,-1.624,2,4,ROCK TOP,2
8/28/2018,899,1793881.786,300592.046,-1.657,2,4,ROCK TOP,2
8/28/2018,900,1793879.694,300593.155,-1.598,2,4,ROCK TOP,2
8/28/2018,901,1793876.893,300592.399,-1.557,2,4,ROCK TOP,2
8/28/2018,902,1793878.378,300613.052,-2.198,3,4,GS,2
8/28/2018,903,1793875.401,300613.713,-1.41,3,4,ROCK TOP,2
8/28/2018,904,1793872.666,300613.465,-1.41,3,4,ROCK TOP,2
8/28/2018,905,1793869.842,300612.653,-1.6,3,4,ROCK TOP,2
8/28/2018,906,1793866.773,300611.039,-1.517,3,4,ROCK TOP,2
8/28/2018,907,1793864.121,300610.064,-1.658,3,4,ROCK TOP,2
8/28/2018,908,1793861.017,300610.441,-1.605,3,4,ROCK TOP,2
8/28/2018,909,1793858.094,300609.778,-1.24,3,4,ROCK TOP,2
8/28/2018,910,1793855.617,300608.724,-1.46,3,4,ROCK TOP,2
8/28/2018,911,1793852.454,300608.367,-1.447,3,4,ROCK TOP,2
8/28/2018,912,1793848.799,300607.612,-2.331,3,4,GS,2
8/28/2018,913,1793840.212,300633.834,-2.565,4,4,GS,2
8/28/2018,914,1793842.749,300635.077,-1.703,4,4,ROCK TOP,2
8/28/2018,915,1793845.748,300638.148,-1.696,4,4,ROCK TOP,2
8/28/2018,916,1793849.099,300637.203,-1.64,4,4,ROCK TOP,2
8/28/2018,917,1793853.192,300637.773,-1.769,4,4,ROCK TOP,2
8/28/2018,918,1793855.173,300638.235,-1.489,4,4,ROCK TOP,2
8/28/2018,919,1793858.184,300640.744,-1.756,4,4,ROCK TOP,2
8/28/2018,920,1793861.616,300641.783,-1.684,4,4,ROCK TOP,2
8/28/2018,921,1793865.23,300643.306,-1.356,4,4,ROCK TOP,2
8/28/2018,922,1793868.932,300643.896,-2.148,4,4,GS,2
8/28/2018,923,1793801.296,300733.76,-2.896,1,5,GS,2
8/28/2018,924,1793799.451,300732.664,-1.752,1,5,ROCK TOP,2
8/28/2018,925,1793797.264,300731.122,-1.681,1,5,ROCK TOP,2
8/28/2018,926,1793794.858,300730.81,-1.736,1,5,ROCK TOP,2
8/28/2018,927,1793791.84,300729.294,-1.358,1,5,ROCK TOP,2
8/28/2018,928,1793788.671,300728.455,-1.791,1,5,ROCK TOP,2
8/28/2018,929,1793785.235,300727.713,-1.557,1,5,ROCK TOP,2
8/28/2018,930,1793780.833,300726.105,-1.654,1,5,ROCK TOP,2
8/28/2018,931,1793777.094,300726.272,-1.862,1,5,ROCK TOP,2
8/28/2018,932,1793774.548,300725.05,-1.814,1,5,ROCK TOP,2
8/28/2018,933,1793772.258,300723.887,-2.879,1,5,GS,2
8/28/2018,934,1793751.264,300777.859,-2.663,2,5,GS,2
8/28/2018,935,1793752.535,300777.713,-1.455,2,5,ROCK TOP,2
8/28/2018,936,1793754.275,300778.904,-1.392,2,5,ROCK TOP,2
8/28/2018,937,1793757.146,300780.313,-1.319,2,5,ROCK TOP,2
8/28/2018,938,1793759.438,300781.746,-1.644,2,5,ROCK TOP,2
8/28/2018,939,1793762.917,300782.968,-1.45,2,5,ROCK TOP,2
8/28/2018,940,1793765.198,300784.422,-1.539,2,5,ROCK TOP,2
8/28/2018,941,1793767.874,300785.527,-1.701,2,5,ROCK TOP,2
8/28/2018,942,1793770.542,300785.885,-1.316,2,5,ROCK TOP,2
8/28/2018,943,1793771.294,300786.974,-1.591,2,5,ROCK TOP,2
8/28/2018,944,1793773.956,300790.62,-1.416,2,5,ROCK TOP,2
8/28/2018,945,1793776.177,300791.13,-2.655,2,5,GS,2
8/28/2018,946,1793769.685,300811.056,-2.417,3,5,GS,2
8/28/2018,947,1793767.873,300810.493,-1.433,3,5,ROCK TOP,2
8/28/2018,948,1793764.992,300809.546,-1.635,3,5,ROCK TOP,2
8/28/2018,949,1793762.69,300808.066,-1.524,3,5,ROCK TOP,2
8/28/2018,950,1793761.908,300806.249,-1.616,3,5,ROCK TOP,2
8/28/2018,951,1793759.416,300806.126,-1.48,3,5,ROCK TOP,2
8/28/2018,952,1793757.296,300805.438,-1.445,3,5,ROCK TOP,2
8/28/2018,953,1793753.451,300803.473,-1.568,3,5,ROCK TOP,2
8/28/2018,954,1793751.947,300804.789,-1.475,3,5,ROCK TOP,2
8/28/2018,955,1793748.874,300804.566,-1.358,3,5,ROCK TOP,2
8/28/2018,956,1793744.62,300803.396,-1.327,3,5,ROCK TOP,2
8/28/2018,957,1793742.707,300801.806,-1.709,3,5,ROCK TOP,2
8/28/2018,958,1793741.081,300802.27,-2.312,3,5,GS,2
8/28/2018,959,1793743.412,300794.093,-2.534,3,5,GS,2
8/28/2018,960,1793744.355,300794.748,-1.473,3,5,ROCK TOP,2
8/28/2018,961,1793746.647,300795.447,-1.607,3,5,ROCK TOP,2
8/28/2018,962,1793749.144,300796.27,-1.471,3,5,ROCK TOP,2
8/28/2018,963,1793716.562,300861.063,-2.455,4,5,GS,2
8/28/2018,964,1793719.841,300861.224,-1.654,4,5,ROCK TOP,2
8/28/2018,965,1793721.925,300861.845,-1.38,4,5,ROCK TOP,2
8/28/2018,966,1793725.204,300863.92,-1.419,4,5,ROCK TOP,2
8/28/2018,967,1793728.786,300864.914,-1.834,4,5,ROCK TOP,2
8/28/2018,968,1793731.536,300866.026,-1.579,4,5,ROCK TOP,2
8/28/2018,969,1793734.039,300868.276,-1.337,4,5,ROCK TOP,2
8/28/2018,970,1793736.938,300869.537,-1.286,4,5,ROCK TOP,2
8/28/2018,971,1793738.978,300870.859,-1.302,4,5,ROCK TOP,2
8/28/2018,972,1793741.048,300872.412,-1.197,4,5,ROCK TOP,2
8/28/2018,973,1793743.408,300873.558,-2.531,4,5,GS,2
8/28/2018,974,1793728.354,300871.205,-2.604,4,5,GS,2
8/28/2018,975,1793686.007,300905.967,-2.946,1,6,GS,2
8/28/2018,976,1793684.109,300905.325,-1.635,1,6,ROCK TOP,2
8/28/2018,977,1793680.684,300903.004,-1.795,1,6,ROCK TOP,2
8/28/2018,978,1793678.15,300900.771,-1.817,1,6,ROCK TOP,2
8/28/2018,979,1793675.541,300899.179,-1.888,1,6,ROCK TOP,2
8/28/2018,980,1793673.555,300900.76,-1.651,1,6,ROCK TOP,2
8/28/2018,981,1793671.835,300898.514,-1.673,1,6,ROCK TOP,2
8/28/2018,982,1793669.23,300894.766,-1.657,1,6,ROCK TOP,2
8/28/2018,983,1793666.66,300892.358,-1.879,1,6,ROCK TOP,2
8/28/2018,984,1793663.513,300889.846,-2.808,1,6,GS,2
8/28/2018,985,1793661.782,300886.724,-2.617,1,6,GS,2
8/28/2018,986,1793644.253,300906.209,-2.474,2,6,GS,2
8/28/2018,987,1793644.413,300909.495,-1.666,2,6,ROCK TOP,2
8/28/2018,988,1793645.264,300910.709,-1.698,2,6,ROCK TOP,2
8/28/2018,989,1793647.282,300912.471,-1.778,2,6,ROCK TOP,2
8/28/2018,990,1793647.819,300914.697,-1.426,2,6,ROCK TOP,2
8/28/2018,991,1793648.959,300916.527,-1.655,2,6,ROCK TOP,2
8/28/2018,992,1793649.923,300917.576,-1.468,2,6,ROCK TOP,2
8/28/2018,993,1793651.736,300919.346,-1.513,2,6,ROCK TOP,2
8/28/2018,994,1793654.174,300921.202,-1.316,2,6,ROCK TOP,2
8/28/2018,995,1793654.447,300923.157,-1.333,2,6,ROCK TOP,2
8/28/2018,996,1793657.467,300923.3,-1.506,2,6,ROCK TOP,2
8/28/2018,997,1793659.575,300924.186,-1.858,2,6,ROCK TOP,2
8/28/2018,998,1793661.808,300924.683,-1.644,2,6,ROCK TOP,2
8/28/2018,999,1793663.475,300926.928,-2.489,2,6,GS,2
8/28/2018,1000,1793644.077,300949.726,-2.649,3,6,GS,2
8/28/2018,1001,1793642.355,300946.737,-1.777,3,6,ROCK TOP,2
8/28/2018,1002,1793640.991,300945.598,-1.419,3,6,ROCK TOP,2
8/28/2018,1003,1793638.811,300945.088,-1.68,3,6,ROCK TOP,2
8/28/2018,1004,1793637.73,300942.743,-1.234,3,6,ROCK TOP,2
8/28/2018,1005,1793635.146,300942.043,-1.421,3,6,ROCK TOP,2
8/28/2018,1006,1793633.763,300940.173,-1.686,3,6,ROCK TOP,2
8/28/2018,1007,1793631.881,300938.698,-1.715,3,6,ROCK TOP,2
8/28/2018,1008,1793631.119,300937.404,-1.813,3,6,ROCK TOP,2
8/28/2018,1009,1793627.925,300935.125,-1.76,3,6,ROCK TOP,2
8/28/2018,1010,1793625.602,300932.677,-1.894,3,6,ROCK TOP,2
8/28/2018,1011,1793623.637,300930.915,-1.881,3,6,ROCK TOP,2
8/28/2018,1012,1793620.881,300929.849,-2.706,3,6,GS,2
8/28/2018,1013,1793615.935,300937.039,-2.656,4,6,GS,2
8/28/2018,1014,1793618.253,300939.026,-1.914,4,6,ROCK TOP,2
8/28/2018,1015,1793620.968,300941.116,-1.821,4,6,ROCK TOP,2
8/28/2018,1016,1793625.041,300943.319,-1.859,4,6,ROCK TOP,2
8/28/2018,1017,1793627.223,300946.596,-1.774,4,6,ROCK TOP,2
8/28/2018,1018,1793628.006,300950.062,-1.792,4,6,ROCK TOP,2
8/28/2018,1019,1793630.696,300952.413,-1.465,4,6,ROCK TOP,2
8/28/2018,1020,1793634.851,300955.398,-1.6,4,6,ROCK TOP,2
8/28/2018,1021,1793636.674,300957.56,-1.71,4,6,ROCK TOP,2
8/28/2018,1022,1793639.145,300959.494,-2.574,4,6,GS,2
8/28/2018,1023,1793617.218,300979.89,-2.691,5,6,GS,2
8/28/2018,1024,1793616.345,300978.533,-1.811,5,6,ROCK TOP,2
8/28/2018,1025,1793614.998,300976.064,-1.604,5,6,ROCK TOP,2
8/28/2018,1026,1793613.184,300973.157,-1.766,5,6,ROCK TOP,2
8/28/2018,1027,1793610.011,300973.796,-1.735,5,6,ROCK TOP,2
8/28/2018,1028,1793607.259,300970.347,-1.615,5,6,ROCK TOP,2
8/28/2018,1029,1793606.506,300967.937,-1.563,5,6,ROCK TOP,2
8/28/2018,1030,1793604.82,300966.511,-1.364,5,6,ROCK TOP,2
8/28/2018,1031,1793600.301,300964.476,-1.263,5,6,ROCK TOP,2
8/28/2018,1032,1793597.27,300961.899,-1.259,5,6,ROCK TOP,2
